INSERT INTO condo.Condominio (Id, NmCondominio, referencia, NmEndereco, NrEndereco, Estado)
('BELVEDERE', '201', 'PAES DE BARROS,2784', '210', 'SP'),
('LEONARDO DA VINCI', '219', 'CAME,830 - MOOCA', '144', 'SP'),
('DORALY', '246', 'ALVES RIBEIRO,398', '781', 'SP'),
('TACOMARE', '251', 'TACOMARE,243', '258', 'SP'),
('IRAI', '256', 'HERVAL,996', '436', 'SP'),
('IRATI', '257', 'HERVAL,1022 - BELENZINHO', '407', 'SP'),
('ALCANTARA MACHADO', '275', 'ALCANTARA MACHADO,1904 - BRAS', '713', 'SP'),
('TULIPAS', '307', 'PAES DE BARROS,1899 - MOOCA', '207', 'SP'),
('SARAIVA I', '310', 'DA MOOCA,2198 - MOOCA', '214', 'SP'),
('LONDON PARK', '329', 'JAMES STOLZ,224 - VILA EMA', '841', 'SP'),
('MARQUES DE PRAIA GRANDE', '358', 'MARQ.DE PRAIA GRANDE,540', '962', 'SP'),
('SARAIVA II', '366', 'JOAO ANT.DE OLIVEIRA,333 MOOCA', '761', 'SP'),
('ERICA KRAUSS', '382', 'NOTHMANN,246 - STA.CECILIA', '663', 'SP'),
('IRATAUA', '384', 'MARIANO DE SOUZA', '661', 'SP'),
('GUPIARA', '391', 'PAES DE BARROS,1236 - MOOCA', '738', 'SP'),
('IRA E RENATO', '401', 'MONTOJO,115 - V.PRUDENTE', '412', 'SP'),
('MARQUES DE VALENCA', '414', 'MARQUES DE VALENCA,595 - MOOCA', '78', 'SP'),
('CANANEA', '418', 'CANANEIA,558 - V.PRUDENTE', '364', 'SP'),
('PIGALLE', '421', 'SCUVERO,174    CAMBUCI', '315', 'SP'),
('GRANVILLE', '422', 'PAES DE BARROS,1425', '590', 'SP'),
('CASABLANCA III', '426', 'AGOSTINHO GOMES', '2073', 'SP'),
('RIVIERA PLAZA', '429', 'DO MANIFESTO,460   IPIRANGA', '95', 'SP'),
('VIA VENETO', '430', 'MADRE DE DEUS,795     MOOCA', '485', 'SP'),
('VILA EMA', '431', 'VILA EMA,492    VILA EMA', '528', 'SP'),
('MONTE CARLO I', '432', 'JOAQUIM RIBEIRO DA COSTA,326', '563', 'SP'),
('PARQUE THOMAZ SARAIVA II', '434', 'EDMUNDO JUVENTINO FUENTES,160', '955', 'SP'),
('GOLDEN PLACE - ED.GOLD', '435', 'DIANOPOLIS,1029     MOOCA', '110', 'SP'),
('BORBA GATO', '438', 'CAPITAO PACHECO CHAVES,348', '288', 'SP'),
(' PARQUE CIDADE SAO PAULO', '439', 'COSTA BARROS,2050', '591', 'SP'),
('CASTELLAMARE DI STABIA', '441', 'VITOANTONIO DEL VECCHIO,350', '17', 'SP'),
('MIMAR', '443', 'DO ORATORIO,5803', '160', 'SP'),
('CARMELO ADAM', '444', 'PAES DE BARROS,2520', '422', 'SP'),
('DOM PEDRO', '445', 'MANOEL SEQUEIRA E SA,41', '850', 'SP'),
('PACO DE SAAVEDRA', '447', 'ENG.LUIS GOMES C.SANGIRARDI', '543', 'SP'),
('VERONICA', '448', 'GAL.FELICIANO FALCAO,72', '742', 'SP'),
('ALEXANDER', '449', 'GENERAL BAGNUOLO,542', '962', 'SP'),
('CENTRAL PARK', '450', 'MARIO AUGUSTO DO CARMO,106', '854', 'SP'),
('FIRENZE', '454', 'FRANCISCO SOLEDADE,258', '35', 'SP'),
('PABLO PICASSO', '457', 'JUVENTUS,695', '421', 'SP'),
('ANVILLE', '458', 'SAO RAFAEL', '170', 'SP'),
('SANTA BARBARA', '459', 'GAL. CHAGAS SANTOS, 272', '978', 'SP'),
('OURO VERDE', '460', 'PAES DE BARROS,2744', '753', 'SP'),
('VILLA BORGHESE I', '461', 'ILANSA,253   -  VILA PRUDENTE', '145', 'SP'),
('DARDES', '462', 'ORATORIO,844', '19', 'SP'),
('MIRANTE DO INDAIA', '463', 'INDAIA,108   VILA PRUDENTE', '791', 'SP'),
('PRESIDENTE BATISTA PEREIRA', '465', 'PRES. BATISTA PEREIRA, 123', '286', 'SP'),
('COSTA RICA', '469', 'PADRE RAPOSO, 916', '36', 'SP'),
('ELIANA', '470', 'ALENCAR ARARIPE, No. 646', '240', 'SP'),
('SANDRA', '472', 'JACARAIPE, 705', '87', 'SP'),
('PARQUE SEVILHA', '473', 'VILA EMA, 4.060', '664', 'SP'),
('VIA TORINO', '474', 'WILHELM BERNAUER', '56', 'SP'),
('ANNE CLAIRE', '475', 'GUAIMBE, 156', '356', 'SP'),
('JUPITER', '476', 'JUVENTUS, 535', '526', 'SP'),
('NAIR', '477', 'PAULO ANDRIGHETTI,298', '915', 'SP'),
('SOLAR DOS ALCANTARA', '480', 'LEOPOLDO DE FREITAS, 57', '964', 'SP'),
('RICARDO', '482', 'GAL. BAGNUOLO, 616', '768', 'SP'),
('MIMAR III', '484', 'DO ORATORIO, 5923', '522', 'SP'),
('MIMAR II', '485', 'DO ORATORIO, 5913', '489', 'SP'),
('MONICA', '486', 'IBITIRAMA, 1.716', '250', 'SP'),
('CAROLINA', '487', 'RENATO RINALDI, 1.866', '361', 'SP'),
(' PQUE DAS ALAMEDAS', '488', 'PASCOAL RANIERI MAZZILLI, 119', '320', 'SP'),
('MONT BLANC', '489', 'CORONEL MARQUES, 30', '431', 'SP'),
('NEOPOLIS', '491', 'COM.ROBERTO UGOLINI, 590', '371', 'SP'),
('VILLA VERTEMATTI', '492', 'SANTOS DUMONT, 161', '275', 'SP'),
('GOLDEN PLACE - ED.POSILIPO', '494', 'DIANOPOLIS, 1115', '596', 'SP'),
('GOLDEN PLACE - ED.POSITANO', '495', 'DIANOPOLIS, 1.189', '828', 'SP'),
('KANSAS', '496', 'PRINCESA ISABEL, 74', '562', 'SP'),
('CARAJAS', '497', 'URUGUAIANA, 335', '948', 'SP'),
('ROYAL PARK RESIDENCE', '498', 'BARAO DE MONTE SANTO', '1619', 'SP'),
('ALEXANDRIA', '500', 'LYDIA FERRARI MAGNOLI, 234', '175', 'SP'),
('COLOMBE D OR', '504', 'RODRIGUES BARBOSA', '158', 'SP'),
('SERGIO CARDOSO', '505', 'SERGIO CARDOSO, 439', '694', 'SP'),
('MARANJAI', '506', 'MARANJAI, 436', '996', 'SP'),
('BEVERLY HILLS I', '507', 'SOLIDONIO LEITE, 2694', '181', 'SP'),
('NEW YORK', '508', 'SOLDADO DORIVAL DE BRITO, 270', '640', 'SP'),
(' MILANI', '509', 'NATAL, 1004', '491', 'SP'),
('MAYORCA', '510', 'CONSELHEIRO COTEGIPE, 790', '557', 'SP'),
('AMAZONAS', '512', 'VITORIA REGIA, 231', '97', 'SP'),
('SAN REMO', '514', 'MARQUES DE VALENCA, 218', '155', 'SP'),
('QUINTA DO ALGARVE', '516', 'GONCALO MARINHO DE CASTRO, 30', '601', 'SP'),
('PACO DAS VERTENTES', '518', 'JOAQUIM MOREIRA DIAS, 190', '625', 'SP'),
('CASABLANCA', '519', 'CAME,754', '335', 'SP'),
('YARA', '521', 'CURUPACE, 61', '572', 'SP'),
(' MANACAS', '522', 'CAMPESTRE, 553', '192', 'SP'),
('OURO PRETO', '523', 'BENJAMIN CONSTANT, 111', '918', 'SP'),
('CONJ. RES. YRAJA GARDEN I', '525', 'PAPA PAULO VI, 200', '480', 'SP'),
('ROCHESTER', '526', 'VITOANTONIO DEL VECCHIO, 544', '24', 'SP'),
('MOYSES', '527', 'PAES DE BARROS, 1.361', '251', 'SP'),
('AIDA', '531', 'IBITIRAMA, 1530  VILA PRUDENTE', '358', 'SP'),
('VILLAGIO DI RAVENNA', '532', 'PROF. LUIZ IGNACIO A.MELLO', '4822', 'SP'),
('JUMANA', '533', 'JUMANA,338', '539', 'SP'),
('CJTO RES. IBITIRAMA', '534', 'BRUNO CAVALCANTI FEDER,376', '649', 'SP'),
('MAJORCA', '535', 'PAES DE BARROS, 682', '671', 'SP'),
('SOLAR DE COIMBRA', '537', 'CANUTO SARAIVA, 600', '210', 'SP'),
('LAS VEGAS', '538', 'DO ORFANATO, 593', '61', 'SP'),
('PAULA', '539', 'JOANA AVANCINI PRADO', '59', 'SP'),
('VIRGINIA GARDENS', '541', 'SOLIDONIO LEITE, 2315 - V. EMA', '392', 'SP'),
('ECONOMIA', '542', 'DA ECONOMIA, 102', '225', 'SP'),
('MAGNOLIA', '543', 'SINVAL DE SOUZA LACERDA, 140', '309', 'SP'),
('ORION', '544', 'CORONEL DONATO, 59', '16', 'SP'),
('VILLAGIO MOOCA', '546', 'DIAS LEMES, 11', '805', 'SP'),
('FLAVIA', '547', 'DE ITAPECERICA, 1139', '315', 'SP'),
('CONJ. RES. YRAJA GARDEN II', '549', 'FIORAVANTI BORIN, 130', '93', 'SP'),
('ALTOS DO CAMPESTRE', '550', 'MENDES LEAL, 134/154', '194', 'SP'),
('CYNTHIA', '551', 'PEIXOTO GOMIDE, 366', '485', 'SP'),
('BUENO', '554', 'ITAPIRACABA, 82', '282', 'SP'),
('JARDIM TROPICAL - BLOCO 02', '555', 'PADRE ARLINDO VIEIRA,1217', '217', 'SP'),
('CARBALLEDA', '556', 'ANTONIO MARCONDES, 713', '880', 'SP'),
('GEORGIA GARDENS', '557', 'SOLIDONIO LEITE, 2449', '577', 'SP'),
('SPAZIO NOBILE', '558', 'BAMBORE, 295', '221', 'SP'),
('EMILIA', '561', 'CAME, 1034', '452', 'SP'),
('JULIO PEREIRA LOPES', '563', 'BRESSER, 905', '680', 'SP'),
('PORTAL DOS CLASSICOS', '566', 'DOMICIANO ROSSI, 600', '515', 'SP'),
('CJTO.BRESSER IV', '567', 'INACIO DE ARAUJO,20', '589', 'SP'),
('TORRE DE FRANCE', '568', 'BRASILIO MACHADO 494', '102', 'SP'),
('RAPOSO TAVARES', '570', 'CAPITAO PACHECO CHAVES,368', '94', 'SP'),
('MOOCA', '571', 'DA MOOCA,2642', '680', 'SP'),
('NEW YORK GARDENS', '572', 'GONCALVES LEDO,642', '168', 'SP'),
('LUNETA', '573', 'PROF.OLIVEIRA FAUSTO,213', '840', 'SP'),
('MONVILLE', '574', 'PAES BARROS,1460', '343', 'SP'),
('MONTE VERDE', '575', 'FREI BRAYNER, 120', '682', 'SP'),
('MOUNTAIN PARK', '577', 'VILA EMA, N. 3881', '729', 'SP'),
('AMSTERDAN', '579', 'DOIS DE JULHO, N. 40', '813', 'SP'),
('GLADYS ATALLAH', '581', 'DA MOOCA, 4135', '244', 'SP'),
('CENTURY PLAZA', '582', 'MINISTRO OSWALDO ARANHA', '280', 'SP'),
('TRICELIA', '585', 'DO MANIFESTO, N. 1558', '499', 'SP'),
('VIANA DO CASTELO', '586', 'ELIAS VITA, N. 207', '772', 'SP'),
('ELISA CLARA', '587', 'PERRELA, N. 145', '9', 'SP'),
('PARC DE FRANCE', '588', 'PLUTARCO, 30 - PARAISO', '567', 'SP'),
('FIRENZE', '592', 'CANANEIA, N. 97', '918', 'SP'),
('BARROSO', '594', 'CEL. JOVINIANO BRANDAO, 173', '304', 'SP'),
('CONJUNTO HABITACIONAL BRESSER II', '595', 'VISCONDE DE PARNAIBA, N. 1501', '197', 'SP'),
('CISPLATINA', '597', 'CISPLATINA, N. 660', '445', 'SP'),
('CORDILHEIRA DE PALOMAS', '598', 'MARIO AUGUSTO DO CARMO, N. 450', '805', 'SP'),
('JARDIM TROPICAL- CTA.CENTRAL', '600', 'PADRE ARLINDO VIEIRA, 1217', '650', 'SP'),
('JARDIM TROPICAL - BLOCO 01', '601', 'PADRE ARLINDO VIEIRA, N. 1217', '290', 'SP'),
('JARDIM TROPICAL - BLOCO 05', '605', 'PADRE ARLINDO VIEIRA, 1217', '639', 'SP'),
('JARDIM TROPICAL - BLOCO 06', '606', 'PADRE ARLINDO VIEIRA, 1217', '882', 'SP'),
('JARDIM TROPICAL - BLOCO 10', '610', 'PADRE ARLINDO VIEIRA, 1217', '841', 'SP'),
('PORTOBELLO III', '614', 'SOLIDONIO LEITE, N. 1536', '214', 'SP'),
('SAN GIACOMMO', '615', 'DO TABOAO, N. 929', '149', 'SP'),
('CRUZEIRO - BLOCO MARCO', '617', 'CANDIDA MEDEIROS DA SILVA, 155', '412', 'SP'),
('PORTINARI', '618', 'PADRE VIEIRA, N. 62', '370', 'SP'),
('FLAMBOYANT', '620', 'DONA PAULINA ROCKX, N. 20', '160', 'SP'),
('JUQUEY PRIVEE', '621', 'BENEDITO VITORINO DOS SANTOS', '112', 'SP'),
('PALLADIUM', '624', 'GUAREI, N. 160', '538', 'SP'),
('PQ.CIDADE S.PAULO - PQ.DO HORTO (BL.5)', '888', 'COSTA BARROS, 2050', '840', 'SP'),
('ATROARIS', '1506', 'BITTENCOURT SAMPAIO,89 - SAUDE', '460', 'SP'),
('SAN DIEGO', '1511', 'B,49  -  PRAIA DAS TARTARUGAS', '632', 'SP'),
('VENEZA', '1525', 'DO ESTILO BARROCO,798 -', '329', 'SP'),
('LUCIMAR', '1530', 'DR.SAMUEL PORTO,102 - SAUDE', '838', 'SP'),
('GENEVE', '1546', 'STO.AMARO,6227 - STO.AMARO', '50', 'SP'),
('CJTO.RESID.PLACE VENDOME', '1556', 'DR.GENTIL LEITE MARTINS,70', '404', 'SP'),
('LEOPOLDINA', '1561', 'LUSSANVIRA,227  - V.GUARANI', '73', 'SP'),
('DELAWARE', '1580', 'SAMAMBAIA,438 - B.DA SAUDE', '953', 'SP'),
('ESPERANCA', '1679', 'GUIRATINGA,1055 - B.DA SAUDE', '121', 'SP'),
('CONCEICAO', '1683', 'DOS CURUPIAS,116 - JABAQUARA', '260', 'SP'),
('CAPIA', '1693', 'TRES DE MAIO,82 - V.CLEMENTINO', '303', 'SP'),
('PACO DAS HORTENSIAS', '1708', 'SAFIRA,326 - ACLIMACAO', '86', 'SP'),
('PARQUE IBIRAPUERA BL.', '1722', 'PELOTAS,541 - V.MARIANA', '101', 'SP'),
('BIOBEDAS', '1724', 'BIOBEDAS,315 - PQ.IMPERIAL', '760', 'SP'),
('JARDIM TROPICAL', '1729', 'PEDRALIA,317 - V.GUMERCINDO', '402', 'SP'),
('LEAO', '1730', 'MAESTRO CALIA,101 - V.MARIANA', '586', 'SP'),
('RODEL I', '1731', 'DR.NOGUEIRA MARTINS', '634', 'SP'),
('JARDIM CELESTE VIII', '1753', 'AQUILES JOVANE,135/183', '413', 'SP'),
('MAISON NICE', '1754', 'ITATIAIA,344   VILA GUARANI', '324', 'SP'),
('ELETTRA', '1755', 'ZEFERINO DA COSTA', '82', 'SP'),
('ERNESTINA', '1756', 'MAZZINI,87   CAMBUCI', '381', 'SP'),
('SPARTACUS', '1759', 'TOPAZIO,596   ACLIMACAO', '870', 'SP'),
('COLOMBIA', '1760', 'VERGUEIRO,263 -V.MARIANA', '741', 'SP'),
('MAISON DE MARIANA', '1761', 'ONZE DE JUNHO', '582', 'SP'),
('CASTEL GANDOLFO', '1762', 'TUIUCUE,12    JD.DA SAUDE', '319', 'SP'),
('PLAZA SEVILHA', '1763', 'CORREIA  DE LEMOS', '244', 'SP'),
('BRASILIA', '1764', 'VIGARIO ALBERNAZ', '671', 'SP'),
('ALBERTO', '1766', 'PROF.VICENTE RAO,1970', '397', 'SP'),
('ARUJA', '1770', 'DR. NETO DE ARAUJO,187', '429', 'SP'),
('ANA LUCIA', '1771', 'CASTRO ALVES,601 -ACLIMACAO', '316', 'SP'),
('BAIA BLANCA', '1772', 'URANO,18  -   ACLIMACAO', '242', 'SP'),
('MAISON BLANCH', '1773', 'ALMIRANTE MARQUES DE LEAO,308-', '92', 'SP'),
('INDEPENDENCIA', '1776', 'DOS PATRIOTAS,1089/1121', '537', 'SP'),
('DORALIA', '1777', 'JOAQUIM TAVORA,1057-V.MARIANA', '1000', 'SP'),
('HEXA II', '1778', 'JABAQUARA,970-PC.DA ARVORE', '881', 'SP'),
('MARCO', '1779', 'FREI MANUEL CALADO,29-V.MARIRI', '521', 'SP'),
('JUBIABA', '1781', 'CATULO DA PAIXAO CEARENSE', '399', 'SP'),
('SAN REMO', '1782', 'DOM CONSTANTINO BARRADAS', '45', 'SP'),
('AMARALINA', '1784', 'JUREIA,570 - SAUDE', '189', 'SP'),
('JUATUBA', '1789', 'VIGARIO ALBERNAZ', '767', 'SP'),
('THAIS', '1790', 'BORGES LAGOA, 710-V.CLEMENTINO', '444', 'SP'),
('PORTO BELLO', '1791', 'PIRITUBA, 461- MIRANDOPOLIS', '572', 'SP'),
('PIAZZA D ANDREA', '1793', 'LEANDRO DUPRE', '662', 'SP'),
('GREEN VILLAGE', '1797', 'RIO GRANDE, 180 - V.MARIANA', '336', 'SP'),
('SAO MIGUEL', '1799', 'DR. ALTINO ARANTES, 776', '821', 'SP'),
('STAR LIGHT', '1800', 'FRANCISCO DA VITORIA, 220', '412', 'SP'),
('SARA REGINA', '1801', 'GRAVI, 211 - SAUDE', '639', 'SP'),
('SAINT PAUL DE VANCE', '1802', 'BERTIOGA, 160 - BOSQUE SAUDE', '871', 'SP'),
('DORACY', '1806', 'DR.ALTINO ARANTES', '928', 'SP'),
('RONDONIA', '1807', 'CONSELHEIRO BROTERO, 1352', '425', 'SP'),
('GIARDINO DI MARIANA', '1808', 'ITAPIRU N 380', '457', 'SP'),
('CAMPO DE SIENA', '1810', 'MALEBRANCHE, 99', '747', 'SP'),
('CASTEL D ANGELO', '1812', 'PEDRO POMPONAZZI, 291', '890', 'SP'),
('EDMOND HABIB GHATTAS', '1814', 'PITANGUEIRAS, 359', '750', 'SP'),
('MAISON TOUR D ARGENT', '1815', 'DR. NETO DE ARAUJO, 101', '49', 'SP'),
('CREUSA MOROZINI', '1817', 'NAPOLEAO DE BARROS, 1098', '41', 'SP'),
('JACARANDAS', '1818', 'AQUILES JOVANE, 77', '468', 'SP'),
('BURITIS - ALA COMERCIAL', '1819', 'DOS BURITIS, 54- JABAQUARA', '254', 'SP'),
('BURITIS - ALA RESIDENCIAL', '1820', 'DOS BURITIS, 90', '537', 'SP'),
('VILLA ESTORIL', '1821', 'DR. AFONSO BACCARI, 71', '530', 'SP'),
('MAISON FLAUBERT', '1822', 'DR. THOMAS ALVES, 117', '282', 'SP'),
('PORTO FINO', '1823', 'MARCELINO CHAMPAGNAT, 18', '110', 'SP'),
('ALPHA CENTRO EMPRESARIAL', '1825', 'DOMINGOS DE MORAES, 2102', '478', 'SP'),
('VILLA TOSCANA', '1827', 'DR.OSCAR MONTEIRO DE BARROS', '511', 'SP'),
('MARCO POLO', '1828', 'JAPURA, 74', '935', 'SP'),
('BANCIONAL', '1829', 'DOMINGOS DE MORAES 70', '268', 'SP'),
('BARAO DE GRAJAU', '1830', 'URANO, 65', '775', 'SP'),
('MILANO NABERGOI', '1832', 'LEANDRO DUPRET, 1035-VL.MARIAN', '874', 'SP'),
('JATOBAS', '1833', 'DOS JATOBAS, 77 - JABAQUARA', '420', 'SP'),
('MAISON ALBERNAZ', '1834', 'VIGARIO ALBERNAZ, 497 - SAUDE', '375', 'SP'),
('IPE', '1836', 'AQUILES JOVANE, 45', '49', 'SP'),
('MONTMARTRE', '1837', 'DOS JACINTOS, 495', '284', 'SP'),
('DELTA CENTRO EMPRESARIAL', '1838', 'DOUTOR TIRSO MARTINS, 44 V.MAR', '593', 'SP'),
('TOULON', '1839', 'CALIXTO DA MOTA,106', '141', 'SP'),
('PALMA DE MAIORCA', '1852', 'DIOGO VAZ, 77 - ACLIMACAO', '565', 'SP'),
('DUCA D ALBA', '1853', 'Antonio Tavares, 275', '832', 'SP'),
('AMALIA / BARTIRA (CONTA GERAL)', '1856', 'DOMINGOS DE MORAES, 1368/1372', '639', 'SP'),
('PIAZZA SAN CARLO', '1857', 'BARAO DO RIO DA PRATA, 185', '907', 'SP'),
('ARAUCARIA', '1858', 'AQUILES JOVANE, 17', '513', 'SP'),
('AMALIA', '1859', 'DOMINGOS DE MORAES, 1372', '398', 'SP'),
('BARTIRA', '1860', 'DOMINGOS DE MORAES, 1368', '273', 'SP'),
('BANDEIRANTE', '1861', 'GANDAVO, 188', '10', 'SP'),
('MONTE CARLO (II)', '1863', 'AFONSO CELSO', '1000', 'SP'),
('GUADALAJARA', '1865', 'ESTADO DE ISRAEL, 907', '870', 'SP'),
('CARMEM RODRIGUES ORTEGA (PORTO REAL)', '1869', 'PEREIRA DA NOBREGA, 217', '71', 'SP'),
('NEW ORLEANS GARDENS', '1870', 'BUENO DE ANDRADE', '769', 'SP'),
('ROYAL PARK', '1872', 'FREDERICO VON MARTIUS,275', '271', 'SP'),
('CABO VERDE', '1873', 'AFONSO CELSO, 92', '620', 'SP'),
('BARBARA', '1874', 'LINS DE VASCONCELOS,3310', '789', 'SP'),
('IBIZA', '1875', 'DR. LEITE PEREIRA', '151', 'SP'),
('ALIANCA', '1876', 'DIONISIO DA COSTA, 122', '359', 'SP'),
('MEDITERRANE', '1877', 'ITAGUARA, 180', '864', 'SP'),
('AIDA', '1879', 'DR.NICOLAU DE SOUZA QUEIROZ', '929', 'SP'),
('MALENA-MALINE-MANUCA', '1881', 'GUSTAVO DA SILVEIRA 1014/24/36', '683', 'SP'),
('MAISON CRISTAL', '1882', 'PROFESSORA CAROLINA RIBEIRO', '165', 'SP'),
('KENZO', '1883', 'DR.ALTINO ARANTES', '164', 'SP'),
('OSCAR PORTO', '1884', 'CEL.OSCAR PORTO', '1102', 'SP'),
('MAISON PLATINE', '1886', 'ERNESTO DE OLIVEIRA, N. 130', '852', 'SP'),
('GENEVE I', '1887', 'MALEBRANCHE, 25', '771', 'SP'),
('HICATU', '1888', 'ALCEU WAMOSY, N. 137', '373', 'SP'),
('VILLE DE FRANCE', '1890', 'GASPAR FERNANDES', '191', 'SP'),
('CONJUNTO JARDINS DE GENEVE', '1891', 'HUMBERTO DE CAMPOS, N. 67', '647', 'SP'),
('ATLANTA', '1893', 'OUVIDOR PELEJA,621 -VL.MARIANA', '478', 'SP'),
('MAISON QUARTZ', '1894', 'ERNESTO DE OLIVEIRA, N. 190', '816', 'SP'),
('VILLA IBIZA', '1895', 'DAS GRUMIXAMAS, N. 869', '789', 'SP'),
('VICTORIA SIMONA', '1896', 'OTTO DE BARROS, 340', '963', 'SP'),
('SANTO EDUARDO', '1898', 'PROF. ARNALDO JOAO SEMERARO', '660', 'SP'),
('MARINA PARK', '1899', 'DOS CARIRIS NOVOS, 225', '317', 'SP'),
('NEW CENTURY QUALITY HOME', '1901', 'LINS DE VASCONCELOS, N. 757', '992', 'SP'),
('BENJAMIN GUIMARAES', '1903', 'TEIXEIRA DA SILVA, N. 66', '710', 'SP'),
('MAISON ROYAL', '1905', 'LINO DE ALMEIDA PIRES, 625', '870', 'SP'),
('PIAZZA FIORI', '1908', 'PEDRO BADRA, N. 15', '696', 'SP'),
('POLARIS', '1910', 'DR. MARIO SETZER, N. 20', '232', 'SP'),
('FABIANA', '1911', 'GUARATUBA, N. 109', '12', 'SP'),
('CONDESSA DE SAO JOAQUIM', '1912', 'CONDESSA DE SAO JOAQUIM, 254', '989', 'SP'),
('ANGATURAMA - BLOCO II', '1913', 'ROMAO PUIGGARI, N. 1.287', '289', 'SP'),
('VIVERE LIGHT', '1922', 'SIQUEIRA CAMPOS, 72', '386', 'SP'),
('ITAOCA', '1923', 'GUIAN, N. 334', '797', 'SP'),
('CAVE DU ROI', '1924', 'MARQUES DE LAGES, 1607', '263', 'SP'),
('FELLINI', '1925', 'AGOSTINHO RODRIGUES FILHO, 410', '447', 'SP'),
('CONJUNTO NOVO PIRAJUSSARA', '2035', 'DO CAMPO LIMPO,5733 - C.LIMPO', '313', 'SP'),
('UMBU', '2080', 'TEIXEIRA LEITE', '447', 'SP'),
('VENEZUELA', '2090', 'BELA CINTRA,282 - BELA CINTRA', '477', 'SP'),
('ITAMBE', '2155', 'ITAMBE,218  -  V.BUARQUE', '123', 'SP'),
('MACO', '2183', 'GEREMIA LUNARDELLI,120 JD.PERI', '607', 'SP'),
('VIVARA', '2239', 'SARUTAIA,165 - JD.PAULISTA', '800', 'SP'),
('VIVIAN', '2250', 'FERNAO CARDIM,98 - JD.PAULISTA', '902', 'SP'),
('CHATEAU CHAUMONT', '2290', 'ITU,1579 - CERQ.CESAR', '899', 'SP'),
('PRAIA DE ITAPUA', '2295', 'LUIS DIAS,85 - ITAIM BIBI', '837', 'SP'),
('RIBEIRAO PRETO', '2319', 'TEIXEIRA DA SILVA,96 - PARAISO', '799', 'SP'),
('SAO SILVESTRE', '2328', 'ARTHUR DE AZEVEDO', '1063', 'SP'),
('EDEN', '2340', 'AFONSO DE FREITAS', '700', 'SP'),
('PORT ARTHUR', '2345', 'HORACIO LAFER,473 - CH.ITAIM', '951', 'SP'),
('CJTO.PRACA DAS ORQUIDEAS', '2347', 'GARCAO TINOCO,62', '627', 'SP'),
('IAPOS', '2359', 'LUIS ALBERTO MARTINS,240', '645', 'SP'),
('AGRARIO DE SOUZA', '2370', 'AGRARIO DE SOUZA', '150', 'SP'),
('TEBAS', '2384', 'BATATAIS,263 - JD.PAULISTA', '793', 'SP'),
('PAULA', '2386', 'LISBOA,104 - JD.AMERICA', '21', 'SP'),
('AMAPA', '2398', 'TEODORO SAMPAIO', '632', 'SP'),
('MIRIAM', '2408', 'JOAQUIM EUG.DE LIMA,1452', '526', 'SP'),
('CARIBE RESID.PARQUE I', '2409', 'SAO REMO,463 - V.BUTANTA', '99', 'SP'),
('HERWEG', '2410', 'BELA CINTRA,1903 - CERQ.CESAR', '381', 'SP'),
('ANDROMEDA', '2413', 'LORENA,319 - CERQ.CESAR', '104', 'SP'),
('NAGIB GANME', '2414', 'AUGUSTA,1.122   CONSOLACAO', '882', 'SP'),
('GARAVELO', '2417', 'LICIO MARC.DO AMARAL,420', '824', 'SP'),
('PACO IMPERIAL', '2429', 'DA CONSOLACAO,3574  CONSOLACAO', '349', 'SP'),
('COSTA DO MARFIM', '2433', 'HANS NOBILING,179  JD.EUROPA', '776', 'SP'),
('GEMINI', '2449', 'REBOUCAS,1490    PINHEIROS', '208', 'SP'),
('EVERTON TEIXEIRA', '2464', 'HENRIQUE MONTEIRO,107', '630', 'SP'),
('MATHEUS GROU', '2465', 'MATHEUS GROU,79', '284', 'SP'),
('ITAPETI', '2467', 'CONSELHEIRO BROTERO,993', '999', 'SP'),
('ILE DE FRANCE I', '2468', 'JORGE JOAO SAAD,547', '158', 'SP'),
('PARQUE ESMERALDA', '2470', 'PROF.JOSE MARIA ALKIMIN,99', '456', 'SP'),
('PERSIO', '2472', 'CAMPINAS,1262  JD.PAULISTA', '67', 'SP'),
('TIVOLI', '2474', 'FERNAO DIAS,268   PINHEIROS', '883', 'SP'),
('VILLAGE', '2477', 'GRAJAU,554   ALPHAVILLE', '236', 'SP'),
('MARQUES DIAS', '2479', 'GOMES DE CARVALHO', '28', 'SP'),
('VISCONDE DO RIO BRANCO', '2480', 'PEIXOTO GOMIDE', '1537', 'SP'),
('CAMPO VERDE', '2481', 'JAU,161   JD.PAULISTA', '672', 'SP'),
('JATIUCA', '2484', 'PEIXOTO GOMIDE', '2074', 'SP'),
('LUCIANA', '2485', 'ALVES GUIMARAES', '485', 'SP'),
('XAXIM-XANXERE', '2486', 'ABILIO SOARES,666     PARAISO', '341', 'SP'),
('CIDADE JARDIM', '2487', 'PROF.ARTHUR RAMOS,241', '805', 'SP'),
('MEDITERRANEE', '2489', 'PEIXOTO GOMIDE,1442', '459', 'SP'),
('BIARRITZ', '2492', 'TABAPUA,542', '571', 'SP'),
('FRANZ SCHUBERT', '2494', 'CAPITAO PRUDENTE,191', '274', 'SP'),
('DAISYLIN', '2495', 'CONEGO EUGENIO LEITE,574', '546', 'SP'),
('METROPOLIS EMPRESARIAL', '2497', 'IRAI,393      INDIANOPOLIS', '314', 'SP'),
('ITAJAI', '2500', 'JOAQUIM ANTUNES, 977', '614', 'SP'),
('ODETE', '2501', 'BRIG.LUIZ ANTONIO,2477', '739', 'SP'),
('ARACARI', '2505', 'JOAQUIM ANTUNES,149', '590', 'SP'),
('SOLAR DOS ONZE', '2508', 'OSCAR FREIRE,1240', '962', 'SP'),
('BURITI', '2509', 'CASA BRANCA, 788', '784', 'SP'),
('EXCALIBUR', '2510', 'HELMUT STROBEL, 157', '731', 'SP'),
('CITTADELLA', '2512', 'JACQUES FELIX,408', '395', 'SP'),
('LUCA', '2513', 'MONTEIRO DOS SANTOS', '69', 'SP'),
('DOS COM.DO MERCADO MUN.DE PINHEIRO', '2514', 'PEDRO CRISTI,89', '795', 'SP'),
('LIBERTY OFFICES', '2515', 'CACAPAVA, 49', '613', 'SP'),
('PALAZZO ADRIANO', '2517', 'JESUINO ARRUDA, 86', '116', 'SP'),
('SANTA INES', '2518', 'HADDOCK LOBO, 1.331', '870', 'SP'),
('DAS BANDEIRAS', '2519', 'JOAO ADOLFO,118', '112', 'SP'),
('DOUBLE TREE PARK', '2520', 'LOUREIRO DA CRUZ,35', '734', 'SP'),
('SAN REMO', '2523', 'JOAQUIM FLORIANO, 636', '572', 'SP'),
('PROVENCE', '2524', 'PEDROSO ALVARENGA, 85', '471', 'SP'),
('OLIVEIRA COUTINHO', '2526', 'BARAO DE PIRACICABA, 553', '76', 'SP'),
('URUPEMA/URUBICI', '2527', 'PEDROSO ALVARENGA, 313/333', '597', 'SP'),
('ROBERTA', '2528', 'CAMPINAS, 911', '475', 'SP'),
('PALMARES', '2532', 'NOSSA SENHORA DO SABARA, 3997', '280', 'SP'),
('DAMASCO', '2533', 'SAINT HILAIRE, 60', '63', 'SP'),
('DINAMARCA', '2534', 'AVANHANDAVA, 245', '867', 'SP'),
('DI  FRANCESCO IV', '2536', 'CEL. FRANCISCO INACIO, 446', '784', 'SP'),
('MANHATTAN S PLACE', '2537', 'NOVA YORK, 609', '135', 'SP'),
('PATRICIA', '2538', 'TIQUATIRA,55 - BOSQUE DA SAUDE', '508', 'SP'),
('LAMARTINE', '2539', 'CASA BRANCA,1060', '139', 'SP'),
('SANTA FILOMENA', '2542', 'DR.CESARIO MOTA JUNIOR,253', '755', 'SP'),
('ITAIM OFFICE CENTER', '2545', 'DR.RENATO PAES DE BARROS,512', '85', 'SP'),
('LOTUS', '2546', 'RIBEIRAO PRETO,309 JD.PAULISTA', '216', 'SP'),
('FLAMBOYANT', '2547', 'ANTONIO AGGIO, 1.280', '67', 'SP'),
('JARDIM EUROPA', '2549', 'URIMONDUBA, 144', '566', 'SP'),
('DE PROPR.E MORAD.RECREIO DO BUTIA', '2550', 'SP/250-V. BANDEIRANTES KM.53,5', '840', 'SP'),
('NANCY', '2551', 'NOVE DE JULHO, 3.510', '712', 'SP'),
('MONTPELLIER', '2554', 'DA MATA,88 - ITAIM BIBI', '119', 'SP'),
('CASA BRANCA', '2555', 'CASA BRANCA,1009', '694', 'SP'),
('SACRE COEUR', '2556', 'NOVE DE JULHO, 5739', '843', 'SP'),
('CENTRAL PARK', '2558', 'Pe.ANTONIO JOSE DOS SANTOS', '530', 'SP'),
('SAO GABRIEL BUSINESS HALL', '2562', 'SAO GABRIEL 333  -  ITAIM BIBI', '607', 'SP'),
('ALL FREE SERVICE ITAIM', '2566', 'PROF. TAMANDARE DE TOLEDO, 64', '79', 'SP'),
('LUCIA I', '2567', 'MARTINIANO DE CARVALHO, 612', '171', 'SP'),
('CAPE COD VILLAGE', '2568', 'DIOGO DE AROS,  75', '2', 'SP'),
('CLAUDINA', '2569', 'BARAO DE ITAPETININGA, 267/273', '242', 'SP'),
('MIAMI IN', '2570', 'LORENA, 838', '400', 'SP'),
('MARILIA', '2571', 'CACONDE, 444', '868', 'SP'),
('MAISON CASABLANCA', '2572', 'SAMPAIO VIANA, 509', '269', 'SP'),
('RIO SAO LOURENCO', '2574', 'AUGUSTA, 235', '190', 'SP'),
('BIARRITZ', '2575', 'TABAPUA, 542', '639', 'SP'),
('KEY GARDEN', '2576', 'DR. MAURILIO VERGUEIRO PORTO', '128', 'SP'),
('GUARATUBA', '2577', 'MANOEL DA NOBREGA', '200', 'SP'),
('ANTIGUA', '2578', 'SAO REMO  491', '353', 'SP'),
('CIDADE DA GUANABARA', '2579', 'AUGUSTA 1059', '311', 'SP'),
('MIAMI KING', '2582', 'FRANCA 318', '268', 'SP'),
('ILHA DAS PALMAS', '2583', 'BENTO DE BARROS', '213', 'SP'),
('BARAO DE SAO CARLOS', '2585', 'AFONSO DE FREITAS 565', '816', 'SP'),
('BARCELONA', '2588', 'BELA CINTRA  1467', '85', 'SP'),
('CANCUN', '2589', 'MATHEUS GROU, 314', '521', 'SP'),
('JARDIM PAULISTA (CONTA GERAL', '2590', 'JACURICI  166', '438', 'SP'),
(' JD. PAULISTA / SAN VITTORIO', '2591', 'JACURICI 166', '57', 'SP'),
(' JD. PAULISTA / SAN ROLLAND', '2592', 'JACURICI 166', '680', 'SP'),
(' JD. PAULISTA / SAN VALLENTIN', '2593', 'JACURICI 166', '821', 'SP'),
(' JD. PAULISTA / SAN RAMON', '2594', 'JACURICI 166', '752', 'SP'),
('SAN MARINO', '2595', 'FERNAO CARDIM 33', '493', 'SP'),
('CEGELEC ENGENHARIA S.A.', '2596', 'JAU, 1754', '675', 'SP'),
('PACO DO TRIANON', '2598', 'ALEXANDRE GUSMAO', '95', 'SP'),
('GRAVATA', '2599', 'NOVE DE JULHO, 4861', '177', 'SP'),
('CORTINA DAMPEZZO', '2600', 'ALCINO BRAGA   207', '850', 'SP'),
('FLORIDA TRIPLEX TOWER', '2601', 'GIOVANI GRONCHI,4822 - MORUMBI', '297', 'SP'),
('MONTECATINI', '2603', 'PEIXOTO GOMIDE, 1653', '234', 'SP'),
('MAJO', '2604', 'CARLOS GOMES', '46', 'SP'),
('MARSALA', '2605', 'CEL. OSCAR PORTO, 500', '507', 'SP'),
('MARIA LUIZA', '2606', 'TOMAS CARVALHAL, 297/285', '731', 'SP'),
('SOLAR DOS ONZE', '2607', 'OSCAR FREIRE, 1240', '809', 'SP'),
('MAGNOLIA', '2610', 'DA CONSOLACAO, 2125', '712', 'SP'),
('CAPANEMA', '2611', 'BARAO DE CAPANEMA, 76', '718', 'SP'),
('ICARO', '2612', 'NOVE DE JULHO, N. 236', '813', 'SP'),
('PALACIO DAS AMERICAS E VITRINI IGUATEMY', '2613', 'BRIGADEIRO FARIA LIMA,1811', '742', 'SP'),
('PALACIO DAS AMERICAS (CJTOS.)', '2614', 'BRIGADEIRO FARIA LIMA,1811', '472', 'SP'),
('PALACIO DAS AMERICAS (LOJAS INTERNAS)', '2615', 'BRIGADEIRO FARIA LIMA,1811', '317', 'SP'),
('PALACIO DAS AMERICAS (LOJAS EXTERNAS)', '2616', 'BRIGADEIRO FARIA LIMA,1811', '996', 'SP'),
('PALACIO DAS AMERICAS (SOBRELOJAS)', '2617', 'BRIGADEIRO FARIA LIMA,1811', '343', 'SP'),
('PALACIO DAS AMERICAS (GARAGENS)', '2618', 'BRIGADEIRO FARIA LIMA,1811', '548', 'SP'),
('PALACIO DAS AMERICAS (VAGAS DE GARAGENS)', '2619', 'BRIGADEIRO FARIA LIMA,1811', '253', 'SP'),
('JARDIM GUEDALA', '2621', 'DOM ARMANDO LOMBARDI, N.390', '505', 'SP'),
('VICTORIA PLACE', '2623', 'DR. OSCAR MONTEIRO DE BARROS', '620', 'SP'),
('PORTO PRINCIPE', '2624', 'JOSE CARLOS DE TOLEDO PIZA', '175', 'SP'),
('ABOLICAO', '2627', 'DA ABOLICAO, N. 193', '136', 'SP'),
('NIR OZ', '2628', 'DA CONSOLACAO, 3617', '445', 'SP'),
('MADISON FLEX OFFICES', '2630', 'GUARARA, N. 529', '775', 'SP'),
('ART DE VIVRE', '2633', 'ITU, N. 708', '954', 'SP'),
('ELIZABETH', '2635', 'OSWALDO CRUZ', '34', 'SP'),
('MAISON FLORENCE', '2636', 'CAPOTE VALENTE, N. 900', '839', 'SP'),
('MARIA EULALIA', '2640', 'FRANCISCO LEITAO, N. 411', '606', 'SP'),
('SOLAR DOS ONZE', '2643', 'OSCAR FREIRE, N. 1240', '653', 'SP'),
('ALIDA', '2645', 'TIETE, N. 450', '123', 'SP'),
('BARAO DE JAGUARA', '2650', 'VIAD. NOVE DE JULHO', '160', 'SP'),
('PALAZZO DELL AQUILA', '2651', 'HELENA, N. 52', '246', 'SP'),
('FREI SANTANA GALVAO', '2656', 'DE SAO FRANCISCO', '181', 'SP'),
('BENJAMIN GUIMARAES', '2658', 'TEIXEIRA DA SILVA, N. 66', '660', 'SP'),
('PALMEIRAS I (VILLA FLORA)', '2701', 'DAS PALMEIRAS CARIOTAS, 85', '464', 'SP'),
('PALMEIRAS II (VILLA FLORA)', '2702', 'DAS PALMEIRAS CARIOTAS, 151', '612', 'SP'),
('DOS LIRIOS (VILLA FLORA)', '2703', 'DO PARQUE, 280', '368', 'SP'),
('DAS AZALEAS (VILLA FLORA)', '2704', 'DO PARQUE, 255', '19', 'SP'),
('DAS MARGARIDAS (VILLA FLORA)', '2705', 'DO IPE ROXO, 430', '457', 'SP'),
('DAS ORQUIDEAS (VILLA FLORA)', '2706', 'DOS BAMBUS, 60', '375', 'SP'),
('DAS ROSAS (VILLA FLORA)', '2707', 'DO IPE ROXO, 610', '405', 'SP'),
('DOS GERANIOS (VILLA FLORA)', '2710', 'DO IPE ROXO, N. 565', '508', 'SP'),
('DAS MAGNOLIAS (VILLA FLORA)', '2711', 'DO PARQUE, N.121', '973', 'SP'),
('DAS TULIPAS (VILLA FLORA)', '2712', 'DO IPE ROXO, N. 815', '208', 'SP'),
('DAS DALIAS (VILLA FLORA)', '2713', 'DA FAZENDA, 125 - PQ.V.FLORES', '580', 'SP'),
('DOS ANTURIOS (VILLA FLORA)', '2714', 'DO IPE AMARELO, N. 400', '986', 'SP'),
('DAS BEGONIAS (VILLA FLORA)', '2715', 'DO IPE AMARELO, N. 320', '3', 'SP'),
('VERONA', '3007', 'DOS NHAMBIQUARAS', '1170', 'SP'),
('PQUE.DOS PASSAROS-GERAL', '3050', '-', '381', 'SP'),
('PQUE.DOS PASSAROS-A1', '3051', '-', '825', 'SP'),
('PQUE.DOS PASSAROS-A2', '3052', '-', '628', 'SP'),
('PQUE.DOS PASSAROS-A3', '3053', '-', '263', 'SP'),
('PQUE.DOS PASSAROS-A4', '3054', '-', '158', 'SP'),
('PQUE.DOS PASSAROS-A5', '3055', '-', '632', 'SP'),
('VILA MOURA', '3065', 'PRINC.ISABEL,246 - BROOKLIN', '774', 'SP'),
('SEVILHA', '3088', 'RAPOSO TAVARES', '73', 'SP'),
('C.R.P.P.II  BL.2', '3202', 'ENG.JOSE SALLES,200', '943', 'SP'),
('BARAO DE COCAIS', '3214', 'GUARARAPES,495 - BROOKLIN', '193', 'SP'),
('MIRUNA', '3240', 'MIRUNA,250 - MOEMA', '124', 'SP'),
('PARATI I', '3254', 'PORTO MARTINS,85 - BROOKLIN', '596', 'SP'),
('BALTIMORE', '3256', 'ANDREA PAULINETTI', '127', 'SP'),
('NEBRASKA', '3259', 'NEBRASKA,499 - BROOKLIN', '706', 'SP'),
('RENOT', '3264', 'INHAMBU,901 - INDIANOPOLIS', '332', 'SP'),
('QUARTIER LATIM II', '3270', 'DIVINO SALVADOR', '301', 'SP'),
('OURO PRETO', '3272', 'MARIE NADER CALFAT,279 MORUMBI', '281', 'SP'),
('FONTANA DI TREVI', '3275', 'BR.DO TRIUNFO,639 - CAMPO BELO', '829', 'SP'),
('STAR', '3278', '-', '973', 'SP'),
('TERRAZZA MARIANA', '3281', 'HUMBERTO I,630 - PARAISO', '542', 'SP'),
('MOURATO COELHO', '3285', 'MORATO COELHO,798 - PINHEIROS', '894', 'SP'),
('RISKALA LASKANI', '3292', 'DIVINO SALVADOR', '107', 'SP'),
('PIAZZA DI SPAGNA', '3293', 'DOS AICAS,590  INDIANOPOLIS', '970', 'SP'),
('ISOLINA', '3296', 'MARLY OLIVEIRA COBRA,208', '343', 'SP'),
('ITAPEMA', '3299', 'STA.JUSTINA,203  V.OLIMPIA', '177', 'SP'),
('DONA MARIANA', '3305', 'MOEMA,291   INDIANOPOLIS', '731', 'SP'),
('BIGUACU', '3310', 'PEDRO TOLEDO,1222  V.MARIANA', '175', 'SP'),
('BEVERLY HILLS', '3313', 'DR. JOSE A. FIGUEIRA, 540/600', '188', 'SP'),
('HASTINGS', '3315', 'NEBRASKA', '53', 'SP'),
('EAST BROOKLIN', '3316', 'LACEDEMONIA,253     AEROPORTO', '146', 'SP'),
('RIO BRILHANTE', '3320', 'ALEXANDRE DUMAS,1128', '980', 'SP'),
('VICTORIA TOWER RESIDENCIAL', '3321', 'ANDREA PAULINETTI,97  BROOKLIN', '290', 'SP'),
('DAS ACACIAS', '3322', 'BACAETAVA,65  BROOKLIM', '203', 'SP'),
('CAMILA', '3324', 'BALUARTE,461', '923', 'SP'),
('JARDIM DAS PRIMAVERAS', '3326', 'JOSE JANARELLI', '245', 'SP'),
('CRISTINA I', '3328', 'PAVAO,561', '534', 'SP'),
('LA TREMOILLE', '3329', 'JAMANARI,03   -  MORUMBI', '255', 'SP'),
('ELBA', '3331', 'BRUNO TAUT, 69 - PEDREIRA', '886', 'SP'),
('RIO NEGRO', '3332', 'ATHOS TOMAZ FERRACCIU,94', '960', 'SP'),
('GLASGOW PARK', '3336', 'FERNANDES MOREIRA,570', '73', 'SP'),
('PRAIA DE ITAPEMA', '3337', 'JOVINA,782', '38', 'SP'),
('IMPERADOR', '3339', 'PASCAL,605  -   CAMPO BELO', '112', 'SP'),
('MARQUES DE OLINDA', '3340', 'ROUXINOL  857', '471', 'SP'),
('VILLE DES ETOILLES', '3341', 'DOS ANAPURUS,999', '379', 'SP'),
('JARDIM DO CARMO', '3342', 'BATISTA DO CARMO', '33', 'SP'),
('MORUMBI CENTRAL PARK', '3343', 'GIOVANI GRONCHI', '5441', 'SP'),
('AMELIA I', '3346', 'DAMASCENO VIEIRA,839', '596', 'SP'),
('VICTORIA', '3349', 'DOS NHAMBIQUARAS', '374', 'SP'),
('DANUBIO', '3350', 'DA ESTANCIA,15', '315', 'SP'),
('VISCONDE D ORLEANS', '3351', 'VISCONDE DE NACAR,185', '370', 'SP'),
('MANACAS', '3354', 'GUARARAPES,450  -    BROOKLIN', '256', 'SP'),
('GUARATUBA', '3355', 'NELSON GAMA DE OLIVEIRA 135', '169', 'SP'),
('VITORIA REGIA', '3356', 'DR.ABELARDO VERGUEIRO CESAR', '350', 'SP'),
('MIRADOR', '3357', 'MACAJUBA, 39', '943', 'SP'),
('PATRICIA', '3358', 'DAS UVAIAS, 130   - SAUDE', '648', 'SP'),
('SPAZIO', '3359', 'JOAO DE SOUZA DIAS, 43', '848', 'SP'),
('MONTE CASTELO', '3360', 'FAGUNDES FILHO,596 - SAUDE', '430', 'SP'),
('CLASSIC & REGENCY', '3364', 'JACQUES FELIX, 96', '917', 'SP'),
('CHRISTINA II', '3366', 'MIN.GABRIEL RESENDE PASSOS,267', '298', 'SP'),
('SAO FRANCISCO', '3367', 'LACEDEMONIA, 562 -JD.AEROPORTO', '478', 'SP'),
('LAS PALMAS', '3368', 'EUGENIO LORENZETTI, 29', '315', 'SP'),
('MORADA MARAJOARA II', '3369', 'JOSE JARDIM DA SILVEIRA, 140', '385', 'SP'),
('LAS PALMAS I', '3372', 'EDSON, 1.070', '311', 'SP'),
('COSME/DAMIAO', '3375', 'AFONSO BRAS, 452', '161', 'SP'),
('MAISON BOIS DE BOULOGNE', '3376', 'BELA VISTA, 337', '190', 'SP'),
('UBERABINHA', '3380', 'DIOGO JACOME, 764', '527', 'SP'),
('PARC DES PRINCES', '3381', 'DEP.JOAO SUSSUMU HIRATA, 867', '805', 'SP'),
('NOSSA SENHORA DE FATIMA', '3384', 'PRIMEIRO DE JANEIRO, 450', '917', 'SP'),
('DAS AVENCAS', '3385', 'ENG.JORGE OLIVA, 450', '466', 'SP'),
('ITAPOA', '3389', 'TIANGUA, 57', '80', 'SP'),
('MARGARIDA', '3390', 'DOS NHAMBIQUARAS, 1.444', '166', 'SP'),
('JOSE STRANO', '3391', 'BARAO DE REGO BARROS, 158', '28', 'SP'),
('ALAMANDA', '3392', 'INDIANA, 240', '828', 'SP'),
('PHOENIX', '3394', 'MARRIE NADER CALFAT, 684', '152', 'SP'),
('BELVEDERE', '3395', 'SINCORA, 451', '196', 'SP'),
('PORTO SEGURO', '3397', 'JOSE RAMON URTIZA, 809', '633', 'SP'),
('IRAI', '3398', 'IRAI, 534', '817', 'SP'),
('PORTAL DO BROOKLIN', '3400', 'SARGENTO GERALDO SANTANA,1100', '802', 'SP'),
('DEBRET', '3403', 'PINTASSILGO, 426', '660', 'SP'),
('RENO', '3404', 'TENENTE AMERICO MORETTI', '1100', 'SP'),
('IPE', '3406', 'PORTUGAL, 487 - BROOKLIN', '424', 'SP'),
('CARLTON', '3407', 'DR. ANDRADE PERTENCE, 110', '288', 'SP'),
('GREEN PARK', '3408', 'DR. FERREIRA LOPES', '317', 'SP'),
('SAO JOAO DEL REY', '3410', 'GUILHERME BANNITZ', '146', 'SP'),
(' FLORIANO PEIXOTO', '3411', 'MAL.FLORIANO PEIXOTO, 130', '911', 'SP'),
('JARDINS DE ICARAI', '3412', 'GIL EANES, 315', '150', 'SP'),
('MAISON FRONTENAC', '3413', 'PAVAO, 78', '139', 'SP'),
('LIPEVI', '3414', 'DAS UVAIAS, 161', '286', 'SP'),
('ALEXANDRIA', '3415', 'GIOVANNI GRONCHI, 5190', '825', 'SP'),
('SOLAR VILA OLIMPIA', '3416', 'GOMES DE CARVALHO, 940', '578', 'SP'),
('SUN TIME', '3418', 'ALVORADA, 94', '604', 'SP'),
('SILVANA', '3420', 'PASCAL, 99', '104', 'SP'),
('VILLA SANTA MONICA', '3421', 'DO SIMBOLO, 100', '444', 'SP'),
('CALIFORNIA GARDENS', '3423', 'DR.LUIZ MIGLIANO, 631', '458', 'SP'),
('MARBELLA I', '3424', 'JOAQUIM CARLOS KLEIN, 63', '605', 'SP'),
('GABRIELA', '3425', 'DAVID EID, 731', '588', 'SP'),
('MOEMA SAN SEBASTIAN', '3426', 'DOS IMARES, 527', '233', 'SP'),
('NHAMBIQUARAS', '3427', 'DOS NHAMBIQUARAS, 1289 - MOEMA', '694', 'SP'),
('CABO DE SAO ROQUE', '3429', 'ANDREA PAULINETTI, 199', '444', 'SP'),
('SAINT FRANCIS', '3430', 'DEP.LAERCIO CORTE, 230', '412', 'SP'),
('SAINT LEGIER', '3431', 'NIDERAU FELIX MACHADO, 74', '764', 'SP'),
('CONJ.RESID. VILA DE JORDAN', '3432', 'CASSIANO RICARDO, 90', '989', 'SP'),
('NEW YORK PLAZA', '3433', 'VEREADOR JOSE DINIZ, 3.753', '503', 'SP'),
('BIG APPLE', '3434', 'SANTA JUSTINA, 239', '192', 'SP'),
('NOVO ITAIM', '3438', 'FIANDEIRAS, 170', '636', 'SP'),
('GOYA', '3441', 'SANTO AMARO, 1826', '407', 'SP'),
('JULIANA', '3443', 'PRINCESA ISABEL', '1302', 'SP'),
('ASAS DE BUTTERFLY', '3444', 'DR.SODRE, 158-V.N.CONCEICAO', '423', 'SP'),
('JASMINS', '3445', 'TULIO TEODORO DE CAMPOS, 190', '467', 'SP'),
('MOEMA SWEET LIFE', '3446', 'TUIM, 536 - MOEMA', '566', 'SP'),
('CONJ.HAB.GUARAPIRANGA PARK', '3447', 'DO GUARAPIRANGA, 586', '888', 'SP'),
('RODRIGO', '3448', 'DR.LINO DE MORAES LEME,266', '986', 'SP'),
('IBIRAPUERA LIFE', '3451', 'MIN.GABRIEL RESENDE PASSOS', '479', 'SP'),
('WINDSOR CASTLE', '3453', 'DOS JURUPIS, 1369', '745', 'SP'),
('BAHAMAS', '3454', 'DOS ANAPURUS, 1680', '307', 'SP'),
('CAMBARA', '3455', 'JUREMA, 416', '272', 'SP'),
('NEW SPACE', '3456', 'DIVINO SALVADOR, 166', '717', 'SP'),
('GARCIA D AVILA', '3457', 'INHAMBU, 942 - MOEMA', '827', 'SP'),
('MAISON DU JARDIN', '3459', 'ALEXANDRE DUMAS, 590', '447', 'SP'),
('CORONET I E II', '3460', 'Cancioneiro Popular, 116', '617', 'SP'),
('ISABEL CRISTINA-TATIANA-CELINA', '3461', 'Joaquim Neves Monteiro, 122', '601', 'SP'),
('MONTERREY', '3462', 'Joao de Souza Dias,132- C.Belo', '209', 'SP'),
('CORDEIRO FREIRE', '3463', 'COTOVIA, 642 - MOEMA', '888', 'SP'),
('COSTA AMALFITANA', '3464', 'NOVA DO TUPAROQUERA, 365', '764', 'SP'),
('RIVIERA FRANCESA', '3466', 'ZIKE TUMA, 116', '293', 'SP'),
('ANNY', '3468', 'JOSE ABRANTES, 458/472', '970', 'SP'),
('PIAZZA DI SPAGNA', '3469', 'TAPUIAS, N. 120', '262', 'SP'),
('VIAREGGIO', '3470', 'DOM PAULO PEDROSA, 1304', '521', 'SP'),
('ITAIPAVA MORUMBI', '3472', 'ARISTODEMO GAZZOTTI, N. 458', '53', 'SP'),
('ICARAI', '3473', 'DR.ANDRADE PERTENCE, 45', '313', 'SP'),
('GOLDEN BIRD', '3474', 'CANARIO, 1007', '860', 'SP'),
('VONDELPARK', '3478', 'PROF.ARTHUR TORRES FILHO, 57', '471', 'SP'),
('VILA PIAZZIALE E ROMA', '3482', 'AMERICO ALVES PEREIRA FILHO', '194', 'SP'),
('ALICE E SOLANGE', '3484', 'DO ROCIO, 59 - VILA OLIMPIA', '239', 'SP'),
('OFFICE TOWER', '3485', 'DR.GUILHERME BANNITZ', '90', 'SP'),
('MONTE CARLO (III)', '3486', 'DR.CARDOSO DE MELO', '463', 'SP'),
('GUAECA', '3487', 'DOS ANAPURUS, 965', '915', 'SP'),
('RICHARD WAGNER', '3488', 'ANTONIO AGGIO, 197', '185', 'SP'),
('GARDEN CITY', '3490', 'DIVINO SALVADOR, 841', '135', 'SP'),
('ESPLANADA', '3493', 'JACOBUS BALDI', '74', 'SP'),
('GUILHERME BANNITZ', '3494', 'GUILHERME BANNITZ, 72', '8', 'SP'),
('NOVA AMERICA', '3495', 'DJALMA BENTO, N. 213', '438', 'SP'),
('ITATIAIA', '3499', 'ZIKE TUMA, 172', '66', 'SP'),
('MAISON CHAMPAGNE', '3501', 'REPUBLICA DO IRAQUE, 1406', '847', 'SP'),
('CARLOS EDUARDO', '3502', 'VERA CRUZ, 70 - STO.AMARO', '754', 'SP'),
('MODULOR DA VINCI', '3504', 'COTOVIA, 726 - MOEMA', '476', 'SP'),
('BLUE STAR', '3506', 'DA INVERNADA, 432 - CAMPO BELO', '38', 'SP'),
('AEROPORTO', '3507', 'WASHINGTON LUIZ, 6817', '124', 'SP'),
('MAISON SAINT GERMAINE', '3509', 'FREDERICO GUARINON, 520', '30', 'SP'),
('AMERICAN PARK', '3510', 'CLEMENTINO CUNHA, N. 160', '131', 'SP'),
('JAPURA', '3525', 'JOAQUIM DE SANTANA, N. 156', '849', 'SP'),
('VILLA PORTENHA', '3529', 'NILO TORRES, N. 238', '321', 'SP'),
('EUROPA', '3530', 'HUITACA, N. 63', '931', 'SP'),
('PORANGABA', '3533', 'PAVAO, N. 587', '891', 'SP'),
('VILLA ANDALUZIA', '3534', 'NOSSA SENHORA DO SABARA', '1282', 'SP'),
('MANSAO DE BALSAC', '3535', 'ROUXINOL, N. 431', '74', 'SP'),
('SADIK KHOURI', '3536', 'MIRUNA, N. 168', '205', 'SP'),
('NOBLESSE', '3537', 'COTOVIA, N. 141', '796', 'SP'),
('SIMONE', '3538', 'DR. CARDOSO DE MELO, 451', '121', 'SP'),
('SPAZIO FIRMATO', '3543', 'FRANCA PINTO, N. 756', '458', 'SP'),
('REMBRANDT', '3545', 'JOSE DA SILVA RIBEIRO, N. 76', '737', 'SP'),
('PRACA DAS FLORES', '3546', 'EDU CHAVES, N. 639', '382', 'SP'),
('CALIFORNIA', '3551', 'JACUTINGA, N. 635', '26', 'SP'),
('ADUZINDA', '3557', 'DOS ANAPURUS, N. 1832', '510', 'SP'),
('MACUCO', '3558', 'MACUCO, N. 197', '555', 'SP'),
('PREMIUN POINT', '3560', 'DR CARDOSO DE MELO, N. 71', '504', 'SP'),
('PLANALTO DO MORUMBY - JURIDICO', '3901', 'ALEXANDRE BENOIS, 94-V.ANDRADE', '495', 'SP'),
('IRAMIRIM', '4007', 'SANTA VIRGINIA', '165', 'SP'),
('ITAPARICA', '4009', 'SERRA DA JUREA', '866', 'SP'),
('MARIA DA GLORIA', '4036', 'SGTO.JETER AUGUSTO PEREIRA,595', '877', 'SP'),
('HYDE PARK', '4047', 'IZABEL,337 - V.ESPERANCA', '662', 'SP'),
('SAN DIEGO I', '4066', 'PROF.PEDREIRA DE FREITAS,78', '381', 'SP'),
('BERMUDAS', '4073', 'ELEONORA CINTRA', '155', 'SP'),
('PRISCILA', '4078', 'MARTIN LUTHER KING', '2340', 'SP'),
('LYON', '4082', 'RODOLFO ANDRE,57 - VILA RE', '750', 'SP'),
('GREEN PARK', '4084', 'PROF.PEDREIRA DE FREITAS,95', '23', 'SP'),
('PORTAL DA PENHA', '4094', '26 DE ABRIL,70', '994', 'SP'),
('OURO VERDE', '4097', 'SAO MIGUEL,1453   V.MARIETA', '182', 'SP'),
('MONTEREY I', '4099', 'ITAPETI,1215   TATUAPE', '372', 'SP'),
('LOS ANGELES OFFICE CENTER', '4100', 'COELHO LISBOA,448    TATUAPE', '118', 'SP'),
('GREVILLE', '4101', 'CACHOERI, 31        TATUAPE', '471', 'SP'),
('ALVORADA', '4102', 'ITUZAINGO', '116', 'SP'),
('SAINT MARTIN', '4105', 'ITAPETI,1080      TATUAPE', '303', 'SP'),
('VICENTE MATHEUS III', '4106', 'SAO JORGE,643     TATUAPE', '484', 'SP'),
('MARIANA', '4107', 'FELIPE CAMARAO,190    TATUAPE', '740', 'SP'),
('ALFREDO POCI', '4108', 'DA ABOLICAO,217    BELA VISTA', '630', 'SP'),
('MONTREAL I', '4109', 'PLATINA,160', '339', 'SP'),
('GUARANI', '4110', 'DOMINGOS SANTA MARIA,32', '737', 'SP'),
('MIRIAN I', '4111', 'FRANCISCO MATARAZZO,44', '84', 'SP'),
('BARILOCHE', '4114', 'ARATUIPE,180', '223', 'SP'),
('EXPRESS SHOPPING S/C LTDA', '4115', 'SERRA DE JUREIA,242 -  TATUAPE', '861', 'SP'),
('PARQUE DO CARMO', '4116', 'ROLANDO MARIO RAMACCIOTTI,120', '336', 'SP'),
('PAMPLONA', '4117', 'AGUAPEI,137', '726', 'SP'),
('PRAIAS PAULISTA', '4119', 'FREI FIDELIS MOTA, 1160', '848', 'SP'),
(' MORADA DOS PASSAROS', '4120', 'ANTARES,166', '433', 'SP'),
(' RECANTO DAS ARVORES', '4121', 'ANTARES,34', '317', 'SP'),
('VILLAS BOAS', '4122', 'EVANGELINA.1261', '207', 'SP'),
('CIPRESTE E ARAUCARIA', '4123', 'CANTAGALO, 2353/2391', '620', 'SP'),
('JARDIM DI FRANCO', '4125', 'DA MEACAO, 210', '940', 'SP'),
('JARDIM VILLA EUROPA', '4126', 'LONDRES, 450', '695', 'SP'),
('SOLAR DI CAVALCANTI', '4127', 'FRANCISCO DO AMARAL, 324 V.LAI', '690', 'SP'),
('CHICAGO', '4128', 'CAMBERRA, 235 - VILA FORMOSA', '511', 'SP'),
('DONA OLYMPIA', '4129', 'FELIPE CAMARAO, 160', '932', 'SP'),
('VIOLETAS', '4130', 'BAGUACU, 97', '942', 'SP'),
('CAMILA I', '4131', 'MERCEDES LOPES. 288', '508', 'SP'),
('SAINT JENS', '4132', 'FRANCISCO DO AMARAL, 136', '135', 'SP'),
('ALVARO MARTINO', '4133', 'SERRA DOURADA,220', '226', 'SP'),
('SCORPIOS', '4134', 'PANTOJO, 276  -  TATUAPE', '60', 'SP'),
('COLINAS D AMPEZZO', '4137', 'CANGAIBA, 1153', '117', 'SP'),
('PIAZZA DI SIENA', '4138', 'PADRE OLIVETANOS,83', '212', 'SP'),
('PETROPOLIS', '4139', 'ARMINDO GUARANA, 110', '503', 'SP'),
('MONTE CARLO II', '4140', 'ATUAI,593', '967', 'SP'),
('ERICA', '4141', 'VALDEMAR AMARANTE, 410', '791', 'SP'),
('SAN DIEGO II', '4142', 'EUCLIDES PACHECO, 1605', '233', 'SP'),
('AMETISTA', '4143', 'CORONEL RODOVALHO 321', '375', 'SP'),
('MAISON EUROVILLE', '4144', 'MARECHAL BARBACENA', '1207', 'SP'),
('FONTANA DI TREVI', '4145', 'DONA MATILDE, 349', '814', 'SP'),
('DANIELA - BLOCO 1', '4146', ' D. CECILIA SANTANA, 72', '835', 'SP'),
('DAS AZALEAS', '4147', ' HERVAL, 883', '135', 'SP'),
('SAO GIL', '4149', 'SAO GIL,86', '857', 'SP'),
('CASTEL GANDOLFO/CASTEL DEL MONTE', '4150', 'SANTA TEREZINHA', '54', 'SP'),
('CJTO. TRES MARIAS', '4151', 'EUCLIDES PACHECO, 803', '542', 'SP'),
('VILLA REAL', '4152', 'DENE, 137 - V. RE', '959', 'SP'),
('JARDIM DAS FLORES', '4153', 'CANGAIBA, 4511 - CANGAIBA', '242', 'SP'),
('ARICANDUVA CONDOMINIO RESIDENCIAL', '4154', 'ALORA, 180', '361', 'SP'),
('CRISTAL PARK I', '4155', 'DEMERVAL DA FONSECA, 81', '235', 'SP'),
('CRISTAL PARK II', '4156', 'DEMERVAL DA FONSECA, 161', '403', 'SP'),
('CLUBE VALE DO SOL', '4157', 'MUNHOZ DE MELLO, 480', '936', 'SP'),
('TORREBLANCA', '4158', 'PROF. PEDREIRA DE FREITAS, 151', '812', 'SP'),
('CITY PARK II', '4159', 'DEMERVAL DA FONSECA, 351', '84', 'SP'),
('CONJUNTO CONDOMINIAL EUROPA   GERAL', '4160', 'PROF. PEDREIRA DE FREITAS, 372', '281', 'SP'),
('MADRI   BLOCO A', '4161', 'PROF.PEDREIRA DE FREITAS,372', '321', 'SP'),
('ROMA   BLOCO B', '4162', 'PROF.PEDREIRA DE FREITAS,372', '444', 'SP'),
('LISBOA   BLOCO C', '4163', 'PROF.PEDREIRA DE FREITAS,372', '713', 'SP'),
('LONDRES   BLOCO D', '4164', 'PROF.PEDREIRA DE FREITAS,372', '504', 'SP'),
('PARIS   BLOCO E', '4165', 'PROF.PEDREIRA DE FREITAS,372', '114', 'SP'),
('ATENAS   BLOCO F', '4166', 'PROF.PEDREIRA DE FREITAS,372', '314', 'SP'),
('AMSTERDAN    BLOCO G', '4167', 'PROF. PEDREIRA DE FREITAS, 372', '625', 'SP'),
('MONTREAL', '4168', 'PADRE JOAO, 763', '606', 'SP'),
('CITY PARK III', '4170', 'DEMERVAL DA FONSECA, 451', '529', 'SP'),
('VILLAGIO DI VERONA', '4171', 'PLATINA, 210', '544', 'SP'),
('IPANEMA', '4172', 'BALBIANI, 71', '857', 'SP'),
('SOLAR DO MARQUES', '4174', 'TEOFILO DIAS, 332', '842', 'SP'),
('COLORADO GARDENS', '4176', ' EVANGELINA, 1334', '842', 'SP'),
('QUARTIER D OR', '4177', 'VILELA, 239', '704', 'SP'),
('PORTO SEGURO', '4178', 'CAROLINA FONSECA,315 -ITAQUERA', '875', 'SP'),
('MORADAS DA COLINA', '4180', 'DR.EDUARDO COTCHING,388', '456', 'SP'),
('WANI', '4181', 'CAQUITO, 274 - PENHA', '236', 'SP'),
('ROSARIA', '4182', 'DR.JOAO AUGUSTO ASSUNCAO,252', '149', 'SP'),
('MIRANTE DE ITAQUERA', '4183', 'ARRAIAL DA ANTA, 302 - ITAQUER', '560', 'SP'),
('SAN MARINO', '4184', 'DO TRABALHO, 404', '982', 'SP'),
(' COEMIL XVIII', '4185', 'JOAO VICENTE DA FONSECA, 182', '289', 'SP'),
('PHILADELPHIA GARDENS', '4186', 'TUIUTI, 770', '859', 'SP'),
('AREIAS BRANCAS', '4188', 'SERRANA, 1.403', '166', 'SP'),
('CJTO RES. PARQUE DAS NACOES', '4191', 'TRES CORACOES,449', '862', 'SP'),
('MORADA DO LESTE', '4193', 'LEOPOLDO DE FREITAS, N. 213', '301', 'SP'),
('SALERNO', '4194', 'MARCONDES DE BRITO, 1609', '929', 'SP'),
('PAMPLONA', '4195', 'AGUAPEI, N. 137', '93', 'SP'),
('OCEAN PARK', '4196', 'JOSE DA COSTA DE ANDRADE,103', '447', 'SP'),
('INDIANA GARDENS', '4197', 'CELSO GARCIA, N. 5819', '744', 'SP'),
('TERRABELLA', '4198', 'FLORESTA AZUL, N. 700', '25', 'SP'),
('NOVO TATUAPE', '4199', 'CIPRIANO RODRIGUES,875', '789', 'SP'),
(' PENHA DE FRANCA I', '4200', 'AUGUSTO AMBROS,50', '456', 'SP'),
('STRAUSS', '4202', 'PADRE ESTEVAO PERNET, N. 579', '670', 'SP'),
('VILAR DO PRADO', '4204', 'PANTOJO, N. 883', '773', 'SP'),
('RODRIGUES SOUTO', '4205', 'SILVIO ROMERO', '88', 'SP'),
('LEA', '4206', ' EMILIA MARENGO, 306', '621', 'SP'),
('TABAPUA', '4207', 'ANTONIO DE BARROS, 2.361', '325', 'SP'),
('VERONA', '4208', 'ENG. PEGADO, N. 471', '817', 'SP'),
('PATEO PICASSO', '4210', 'JOSE DA COSTA DE ANDRADE,229', '592', 'SP'),
('PATEO IBERICO', '4211', 'MARIA SANTANA, 943', '396', 'SP'),
('MONTES CLAROS (CONTA GERAL)', '4213', 'OLAVO EGIDIO DE SOUZA ARANHA', '2225', 'SP'),
('MONTES CLAROS (BLOCO  A )', '4214', 'OLAVO EGIDIO DE SOUZA ARANHA', '2225', 'SP'),
('MONTES CLAROS (BLOCO  B )', '4215', 'OLAVO EGIDIO DE SOUZA ARANHA', '2225', 'SP'),
('MONTES CLAROS (BLOCO  C )', '4216', 'OLAVO EGIDIO DE SOUZA ARANHA', '2225', 'SP'),
('GUAIANAZES', '4217', 'OTELO AUGUSTO RIBEIRO, 707', '762', 'SP'),
('FIRENZE', '4218', ' JOAQUIM LEAL,N. 616', '919', 'SP'),
('ATLANTA', '4219', 'DOS SECADOUROS, N. 100', '671', 'SP'),
('HABITACIONAL CHIMBORE', '4221', 'SURUCUAS, N. 730', '676', 'SP'),
('VAN GOGH', '4222', ' LAGOA DA BARRA, N. 625', '976', 'SP'),
('COLONIAL PARK', '4224', 'COLONIAL DAS MISSOES,570', '560', 'SP'),
(' AMERICA II', '4225', 'FRANCISCO RODRIGUES SECKLER', '111', 'SP'),
('IOLANDA', '4226', 'CONSELHEIRO CARRAO, N. 2886', '416', 'SP'),
('EAST SIDE TOWER CANTAGALO', '4228', 'CANTAGALO, 692', '415', 'SP'),
('HORIZONTES DA PENHA', '4229', 'VALDEMAR, 40/50', '477', 'SP'),
('VILLA LOBOS', '4231', 'FRANCISCO COIMBRA, N. 583', '510', 'SP'),
('PATEO DALI', '4232', 'AVELEDA, N. 88', '795', 'SP'),
('VILLA PARADISO', '4237', 'BELEM S.FCO,195  M.S.BRAGA,368', '385', 'SP'),
('SOLAR DOS NUNES', '4240', 'PALMEIRA DE LEQUE, N. 640', '225', 'SP'),
('BRADO I', '4241', 'LUIS BOTTA, N. 400', '671', 'SP'),
('SOLAR DEL REY', '4244', 'RODRIGUES BARBOSA,N.144', '249', 'SP'),
('VICTORIA', '4252', 'VILMA, N. 552', '142', 'SP'),
('PAVIMENT. E CONSTR.VICENTE MATHEUS LTDA.', '4301', 'SAO JORGE, 643', '621', 'SP'),
(' COEMIL XVIII', '4500', 'JOAO VICENTE DA FONSECA, 182', '373', 'SP'),
('SAO LUIZ', '5013', 'ITACOLOMI,561 - HIGIENOPOLIS', '805', 'SP'),
('ROSALINA', '5065', 'FAGUNDES FILHO', '1050', 'SP'),
('CATINA', '5085', 'HAVAI,28 - C.ESCOLASTICAS', '951', 'SP'),
('JOSE FELICIANO FERREIRA DA ROSA', '5099', 'COM.MANOEL MELO PIMENTA', '12', 'SP'),
('TAUVA', '5107', 'GABRIEL DOS SANTOS', '732', 'SP'),
('DONA ANGELINA', '5116', 'JOAO RAMALHO,717 - PERDIZES', '858', 'SP'),
('HAPPY DAYS BUILDING', '5117', 'DIANA,700 - PERDIZES', '339', 'SP'),
('JARDINS DE PARAGUACU', '5119', 'PARAGUASSU,479 - PERDIZES', '413', 'SP'),
('RIO GUAIBA', '5120', 'PROF.JOAO ARRUDA', '346', 'SP'),
('OURO BRANCO', '5121', 'BERGAMOTA,326 - A.DA LAPA', '61', 'SP'),
('CARAVELLE', '5123', 'SEN.CESAR L.DE VERGUEIRO,531', '198', 'SP'),
('IPANEMA', '5127', 'CONS.BROTERO', '1273', 'SP'),
('ROSSI TAGIPURU', '5134', 'TAGIPURU,105 - PERDIZES', '317', 'SP'),
('BATURITE', '5139', 'PROF.JOAO ARRUDA', '176', 'SP'),
('PACAEMBU', '5150', 'PIAUI,1234 - HIGIENOPOLIS', '478', 'SP'),
('HELENITA', '5154', 'PIAUI,1167 - HIGIENOPOLIS', '166', 'SP'),
('LA BONNE CHANCE', '5158', 'APIACAS,630   PERDIZES', '658', 'SP'),
('BAHIA', '5160', 'DA SE', '170', 'SP'),
('ALVI VERDE', '5161', 'PDE.ANTONIO THOMAZ,228/248', '295', 'SP'),
('ANTILHAS', '5163', 'BARTIRA,87', '271', 'SP'),
('PEDRA BRANCA I', '5165', 'CRISTIANO VIANA', '1183', 'SP'),
('CANARIO REI', '5168', 'SAO VICENTE DE PAULA,526', '218', 'SP'),
('DIRCEU DE MORAES', '5169', 'CONSELHEIRO BROTERO', '740', 'SP'),
('ELIDE', '5170', 'CANUTO DO VAL', '146', 'SP'),
('RIO VERDE', '5171', 'MIN.GASTAO MESQUITA', '633', 'SP'),
('D.JOAO V', '5172', 'HIGIENOPOLIS,370', '154', 'SP'),
('LUCIA', '5175', 'DR.GABRIEL DOS SANTOS,334', '820', 'SP'),
('TRIPOLI', '5180', 'TRIPOLI,198', '235', 'SP'),
('AMELIA', '5182', 'IPEROIG,374', '958', 'SP'),
('TUI', '5183', 'BARONESA DE ITU', '458', 'SP'),
('CASA DE ASTURIAS', '5184', 'HARMONIA,698  -  V.MADALENA', '849', 'SP'),
('SUMARE WEST', '5185', 'APIACAS, 62 - PERDIZES', '275', 'SP'),
('CONJUNTO PEREIRA DE SOUZA', '5187', 'ANGELICA,177 SANTA CECILIA', '581', 'SP'),
('PORTO FINO', '5188', 'MIN.GASTAO MESQUITA', '43', 'SP'),
('PRAIA DE OLINDA', '5189', 'APINAGES, 919 - PERDIZES', '338', 'SP'),
('COURCHEVELLES', '5190', 'SAO VICENTE DE PAULA, 650', '810', 'SP'),
('CASSIUS', '5191', 'DR. PAULO VIEIRA', '166', 'SP'),
('MARECHAL', '5194', 'MARECHAL DEODORO', '439', 'SP'),
('CITY AMERICA II', '5196', 'NEIDE ARRUDA DE CARVALHO, 74', '723', 'SP'),
('MIAMI SPRING', '5197', 'MANOEL GUEDES, 286 ITAIM', '477', 'SP'),
('SAN FRANCISCO', '5198', 'AIMBERE, 1807 PERDIZES', '671', 'SP'),
('DI CAVALCANTI', '5199', 'ALIANCA LIBERAL, 406 A. LAPA', '415', 'SP'),
('SOLAR REAL', '5201', 'CAYOWAA 549 PERDIZES', '274', 'SP'),
('N.SRA. APARECIDA', '5202', 'COTOXO 1030', '930', 'SP'),
('CASSIOPEIA', '5203', 'FRANCO DA ROCHA 669', '77', 'SP'),
('SAINT GOTHARD', '5204', 'CAMPEVAS 253', '43', 'SP'),
('SANDRA MARIA', '5207', 'TAGIPURU, 225', '578', 'SP'),
('DIAMANTE', '5208', 'AGISSE, 222 - PERDIZES', '572', 'SP'),
('AVENIDA SAO JOAO', '5209', 'SAO JOAO, 1254', '182', 'SP'),
('WEST PALACE PERDIZES', '5210', 'DIANA, 183', '155', 'SP'),
('CAPRI', '5211', 'JOAO RAMALHO, 278', '5', 'SP'),
('SAN GIORGIO', '5212', 'BRASILIO MACHADO, 418', '457', 'SP'),
('MANSAO VALENCIA', '5213', 'AIMBERE, 406', '960', 'SP'),
('VILA RICA', '5215', 'COTOXO, 424 - VILA POMPEIA', '235', 'SP'),
('THE SWEET LONDON', '5216', 'MIN. FERREIRA ALVES, 333', '148', 'SP'),
('DOMUS VALERIA', '5219', 'BARROS,283', '841', 'SP'),
('SCORPIOS', '5220', 'PROF.RUI BLOEN, 51 - FREG.DO O', '634', 'SP'),
('DONA LYDIA', '5221', ' HEITOR PENTEADO, 1797', '854', 'SP'),
('BRISTOL PLAZA', '5222', 'MARTINICO PRADO, 361', '686', 'SP'),
('LAPIS LAZULI', '5226', 'RODESIA, 355', '633', 'SP'),
('ULTRAMAR', '5227', 'CARDOSO DE ALMEIDA, 170', '631', 'SP'),
('KUMPERA', '5228', 'CONSELHEIRO BROTERO, 1353/1379', '329', 'SP'),
('WEST GARDEN', '5230', 'CORRIENTES, 135', '29', 'SP'),
('PARQUE DAS NACOES I', '5231', 'PROF. RUI BLOEM, 97', '343', 'SP'),
('SANT ANNA', '5232', 'JOSE JOAQUIM SEABRA, 1261', '73', 'SP'),
('SCORPIUS II', '5233', 'DIANA, 675', '945', 'SP'),
('RECANTO D ITALIA', '5234', 'MAURO ARAUJO RIBEIRO, 100', '829', 'SP'),
('DOUBLE SPACE', '5235', 'PAULO FRANCO, 142', '480', 'SP'),
('JAGUARAO', '5236', 'LISBOA, 1208', '431', 'SP'),
('PEROLA NEGRA', '5239', 'MINAS GERAIS, 388', '96', 'SP'),
('AMADEU MORTARI', '5242', 'LINCOLN ALBUQUERQUE, 33', '282', 'SP'),
('ITAPUA', '5243', 'DEP. LACERDA FRANCO, 53', '621', 'SP'),
('MARINA', '5244', 'GAL.OLIMPIO DA SILVEIRA, 33', '272', 'SP'),
('.P.SEGURO-EDIF.UBATUBA', '5245', 'RAIMUNDO PEREIRA MAGALHAES', '12011', 'SP'),
('PLATINIUM', '5246', 'DOM FRANCISCO DE SOUZA,  123', '612', 'SP'),
('ITACOLOMI', '5247', 'ITACOLOMY, 465', '343', 'SP'),
('RENATA', '5249', 'CANNER, 51', '137', 'SP'),
('OURO PRETO', '5251', 'ANGELICA, 2404', '241', 'SP'),
('PALACETE MARECHAL DEODORO', '5253', 'MARECHAL DEODORO', '166', 'SP'),
('PROPRIETARIOS FAZENDINHA REAL', '5254', 'POLONIA, S/N', '894', 'SP'),
('PIRATININGA', '5255', 'BARROS, 380', '49', 'SP'),
('LEBLON PALACE', '5256', 'SERGIPE, 238', '347', 'SP'),
('ADAGA SEGUNDO', '5257', 'MARIA ANTONIA, 237', '813', 'SP'),
('HIGIENOPOLIS OFFICE CENTER', '5258', 'PARA, 76', '299', 'SP'),
('LORDS RESIDENCE', '5259', 'TUCUNA,930', '727', 'SP'),
('ADELAIDE GOBBI SONCINI', '5260', 'MARQUES DE ITU', '293', 'SP'),
('CAROLINA', '5261', 'PADRE CARVALHO, 408', '177', 'SP'),
('LADY DIANA', '5264', 'MONSENHOR J. MARIA MONTEIRO', '4', 'SP'),
('SANTA FRANCISCA', '5266', 'MORUMBI, 8502', '389', 'SP'),
('ENCOSTA DO SOL', '5268', 'DR.PAULO VIERA ,374', '967', 'SP'),
('FALSTAFF', '5270', 'CAIUBI, 1277', '76', 'SP'),
('PATRICIA', '5271', ' SAO VICENTE DE PAULA, 75', '592', 'SP'),
('MONTANA GARDENS', '5273', ' ANASTACIO 2.409', '703', 'SP'),
('JARDIM BUENOS AIRES', '5274', 'PIAUI, 800', '961', 'SP'),
('DONATELLO', '5276', 'DR. MIRANDA DE AZEVEDO, 576', '213', 'SP'),
('CASABLANCA II', '5278', 'CONS. BROTERO, 1065', '968', 'SP'),
('PACAEMBU', '5279', 'PIAUI, 1234', '138', 'SP'),
('ANDREA', '5280', 'CON. EUGENIO LEITE', '892', 'SP'),
('ARQUITETURA', '5282', 'MARANHAO, 43', '752', 'SP'),
('LOFT PINHEIROS', '5283', 'FRADIQUE COUTINHO, 66', '819', 'SP'),
('CAMPOS ELISEOS', '5286', 'RIBEIRO DA SILVA, 811', '744', 'SP'),
('SPAZIO QUATTRO', '5288', 'HUNGARA, 157', '359', 'SP'),
('EMPRESARIAL PERDIZES', '5289', 'TURIASSU, 390', '103', 'SP'),
('PIAZZA DI ROMA', '5290', 'PRES. ALTINO, 555', '410', 'SP'),
('POSITANO', '5293', 'BRENTANO, 340', '507', 'SP'),
('SANTA CECILIA', '5294', 'CONS. BROTERO, 686', '138', 'SP'),
('GRAN PIAZZA', '5295', 'RAUL POMPEIA, 727', '860', 'SP'),
('CHANCELER', '5296', 'DR. ARNALDO, 162', '192', 'SP'),
('VILLE BAYARD', '5298', 'FRANCISCO BAYARD, 551', '453', 'SP'),
('ILHA DE TERA', '5301', 'RAUL POMPEIA, 375', '767', 'SP'),
('PRAIA DE TORRES', '5302', 'NOTHMANN, 1008', '348', 'SP'),
('JARAGUA VILLAGE PARK', '5303', 'DNA.GERTRUDES JORDAO, S/N', '594', 'SP'),
('ARAGUAIA', '5305', 'MAJOR SERTORIO, N. 304', '200', 'SP'),
('NATASHA I', '5306', 'TONELERO. N. 510', '129', 'SP'),
('JARDINS DO LIDO', '5307', 'ALIANCA LIBERAL, N. 125', '197', 'SP'),
('BLUE SKY', '5308', 'CAIUBI,1322', '188', 'SP'),
('DR.RUBENS V.DE BRITO E ELZA S.DE BRITO', '5309', 'CARDOSO DE ALMEIDA, 1165/1205', '447', 'SP'),
('ALDO BONADEI', '5315', 'CAPITAL FEDERAL, N. 419', '153', 'SP'),
('YARA-QUA', '5318', 'DR. CANDIDO ESPINHEIRA, 372', '413', 'SP'),
('JATIUCA', '5325', 'NATINGUI, N. 815', '809', 'SP'),
('PORTUGAL', '5327', 'EULO MARONI, N. 170', '19', 'SP'),
('SOCIETA', '5328', 'GUIARA, 275', '296', 'SP'),
('SUPER QD.JAGUARE-ED.PAULA (BLOCO 8)', '5329', 'JAGUARE, N. 325', '105', 'SP'),
('CLEOFA', '5330', 'DR. GABRIEL DOS SANTOS, 224', '934', 'SP'),
('CONJUNTO PARQUE HIGIENOPOLIS', '5331', 'HIGIENOPOLIS, N. 148', '775', 'SP'),
('RIO TAPAJOS', '5332', 'S. VICENTE DE PAULO. N. 625', '905', 'SP'),
('MARBELLA', '5333', 'ARRUDA BOTELHO, N. 490', '42', 'SP'),
('SANTORINI', '5335', 'HARMONIA, N. 681', '448', 'SP'),
('CONJ.COMERCIAL PERDIZES TOWER II', '5337', 'COTOXO,N. 303 (TEL.3873-0474)', '569', 'SP'),
('DOMUS CELIA', '5339', 'FRANCISCO MATARAZZO, N. 43', '848', 'SP'),
('URIMONDUBA', '5342', 'URIMONDUBA, N. 171', '101', 'SP'),
('COMANDATUBA', '5343', 'DIOGENES RIBEIRO DE LIMA, 3458', '364', 'SP'),
('PANORAMA', '5344', 'AIBI, 89', '630', 'SP'),
('REFUGIO DOS PINHEIROS', '5345', 'DO LAGO, N. 52', '714', 'SP'),
('JETA', '5349', 'NOTHMANN, N. 1003', '753', 'SP'),
('DELFIM', '5350', 'AZEVEDO MARQUES, N. 57', '644', 'SP'),
('BETA', '5351', 'APA, N. 176', '378', 'SP'),
('BARAO DE ARARAS', '5353', 'PIRINEUS, N. 96', '753', 'SP'),
('CAPOTE VALENTE', '5354', 'CAPOTE VALENTE, N. 668', '241', 'SP'),
('DE COOP.CONTEMP.SAO FRANCISCO II', '5358', 'TRANSVERSAL SUL', '130', 'SP'),
('PROPR.LOTES - RES. SANTA HELENA', '5359', 'ROD. CASTELO BRANCO KM. 42', '800', 'SP'),
('SAO DOMINGOS', '5362', 'MARIA ANTONIA, N. 215', '579', 'SP'),
('PLANALTO DO MORUMBY', '6015', 'ALEXANDRE BENOIS', '94', 'SP'),
('CAMBURI', '6017', 'NELSON GAMA DE OLIVEIRA,121', '646', 'SP'),
('MARC CHAGAL', '6025', '-', '320', 'SP'),
('SOLAR DE ALGARVE', '6501', 'EDSON DE MELLO,283  V.MARIA', '376', 'SP'),
('VILA AUGUSTA', '6502', 'M.HUMBERTO DE A.C.BRANCO,2429', '517', 'SP'),
('VILLA MARSELHA', '6507', 'ANTONIETA LEITAO,293', '164', 'SP'),
('SOLAR VILA REAL', '6508', 'FRANCISCA JULIA,495', '264', 'SP'),
('JOTA', '6511', 'ALOISIO DE AZEVEDO', '247', 'SP'),
('CASABLANCA', '6512', 'BRAZ LEME,2001   SANTANA', '38', 'SP'),
('ROSA', '6513', 'NOVA CANTAREIRA,1983', '856', 'SP'),
('CAMILLO MEIRA', '6514', 'ALFREDO PUJOL,266   SANTANA', '373', 'SP'),
('GALATICA', '6518', 'MARIA DO CARMO SENE', '87', 'SP'),
('HORTO V', '6519', 'WANDA MARTIN, 179   V.AMELIA', '21', 'SP'),
('CJTO. RESL. DAS FLORES', '6521', 'ARISTIDES JOFRE, 140', '986', 'SP'),
('MARIA SUZANA', '6522', 'RIO BRANCO', '1640', 'SP'),
('ATALIBA LEONEL', '6523', 'GAL. ATALIBA LEONEL, 3238', '434', 'SP'),
('SOFIA', '6526', 'RONALDO DE CARVALHO,400', '857', 'SP'),
('DAS MARGARIDAS', '6527', 'LEONCIO DE MAGALHAES,548', '753', 'SP'),
('ROUXINOL DO CAMPO', '6528', 'DR.GUILHERME CRISTOFEL,309', '518', 'SP'),
('DOS PINHEIROS', '6529', 'ANTONIO DOMINGUES FREITAS,115', '264', 'SP'),
('SAO JORGE E SAO JOAO', '6531', 'ISMAEL NERI,738', '144', 'SP'),
('UIRAPURU', '6532', 'NOVA CANTAREIRA,354', '858', 'SP'),
('ANA CRISTINA', '6536', 'CASA FORTE,134', '76', 'SP'),
('CONGONHAS DO CAMPO', '6538', 'FRANCISCA JULIA,601', '985', 'SP'),
('DE PAULA', '6539', 'FELICIANO BICUDO,250', '960', 'SP'),
('SAO PAULO', '6540', 'VEREADOR JOSE DE MOURA, 53', '556', 'SP'),
('STATUS III', '6541', 'PEDRO DOLL,269', '83', 'SP'),
('CHATEAU ROYAL', '6542', 'SANTO EGIDIO,709', '480', 'SP'),
('MARCIO', '6543', 'FELICIANO BICUDO, 173', '100', 'SP'),
('PLATANO', '6544', 'WANDA MARTIN, 65', '237', 'SP'),
('REQUINTE', '6545', 'JAMUNDA,79', '577', 'SP'),
('ADRIATICO', '6546', 'CONS.MOREIRA DE BARROS,1661', '882', 'SP'),
('BARRETOS', '6547', 'ANGELO ALUISIO,122', '438', 'SP'),
('ALAN', '6548', 'ALFREDO PUJOL, 1325', '988', 'SP'),
('ILHA DE PASCOA', '6551', 'AGUAS DE SAO PEDRO,499', '26', 'SP'),
('JANGADEIRO', '6552', 'FRANCISCA JULIA,360', '799', 'SP'),
('VENEZA PAULISTA', '6554', 'DOM AQUINO, 154', '733', 'SP'),
('JARDINS DE REIMS', '6555', 'REIMS,92  JD.LARANJEIRAS', '184', 'SP'),
('SOLAR DE SANTANA', '6557', 'SALETE,222', '535', 'SP'),
('CHATEAU VERT', '6558', 'XIRO,168', '459', 'SP'),
('LIROMAR', '6559', 'GENERAL BAGUEIRA,130', '368', 'SP'),
('CHRISTINA', '6560', 'EZEQUIEL FREIRE,364', '972', 'SP'),
('PARADA PINTO', '6563', 'PARADA PINTO, 207', '630', 'SP'),
('TAHITI', '6564', 'ALFREDO ZUMKELLER, N.141', '278', 'SP'),
('MONTREAL II', '6565', 'DIOGO CABRERA, N. 143', '63', 'SP'),
('FLORENCA', '6566', 'CONS. MOREIRA DE BARROS,832', '434', 'SP'),
('MOGI DAS CRUZES', '6567', 'ELIMO, 65 - JACANA', '2', 'SP'),
('PORTAL DO JACANA', '6568', 'JOSE BUONO, 302', '704', 'SP'),
('MARTORANO', '6569', 'AGUA FRIA, 269', '853', 'SP'),
('PARATI', '6571', 'ARTUR MAZZETTI, 166', '882', 'SP'),
('GUARAIUVA', '6572', 'JOAQUIM NORBERTO, 367', '894', 'SP'),
('GEMEOS', '6573', 'JOVITA, 155', '858', 'SP'),
('HABITACIONAL SAMAMBAIA I', '6574', 'ALFREDO INACIO TRINDADE', '31', 'SP'),
('SAN MARINO', '6575', 'TRAMWAY, 390', '610', 'SP'),
('IPE', '6578', 'GUARAJA,91', '719', 'SP'),
('LAMELAS IX E X', '6579', 'RUBIACEA,249', '363', 'SP'),
('RES.JARDIM BIBI II', '6580', 'MANOEL LUNA S/N', '713', 'SP'),
('SANTANA PARK', '6581', 'VENTURA CARNEIRO, 01', '797', 'SP'),
('RESERVA DOS CATAGUASES', '6583', 'CATAGUAZES,053', '882', 'SP'),
('JATIUCA', '6585', 'MARIA CURUPAITI, 736', '59', 'SP'),
('GEIA', '6586', 'NOVA CANTAREIRA, 2446', '746', 'SP'),
('JORGE ESPERIDIAO', '6590', 'DO CAPRICHO, 536', '557', 'SP'),
('SAO FRANCISCO', '6592', 'NOVA CANTAREIRA, 1304', '953', 'SP'),
('JARDIM DOS EUCALIPTOS', '6593', 'FRANCISCO DE BRITO, 270', '398', 'SP'),
('MARTINS PLAZA', '6595', 'WALDEMAR MARTINS, 292', '601', 'SP'),
('SABEL V', '6597', 'ISMAEL NERI, 246', '251', 'SP'),
('MONI', '6602', 'SILVIO RODINI, 611', '64', 'SP'),
('PORTAL DA CANTAREIRA', '6603', 'ALTINOPOLIS, 373', '654', 'SP'),
('FRIBURGO', '6604', 'FRIBURGO,35 LAUZANE PAULISTA', '106', 'SP'),
('KANKUN', '6605', 'PIRACEMA,66 SANTA TEREZINHA', '205', 'SP'),
('SAINT PAUL GARDEN', '6606', 'GILBERTO SAMPAIO, 43', '521', 'SP'),
('PIAZZA SAN MARCO', '6607', 'ZUMKELLER, 792', '893', 'SP'),
('BRASILIA VI', '6609', 'GUILHERME CRISTOFEL,391', '224', 'SP'),
('AMAZONAS II', '6610', 'MARIQUINHA VIANA, 1.031', '724', 'SP'),
('VILLA D OLINDA', '6612', 'PROF. JOAO MACHADO', '52', 'SP'),
('CONJUNTO MACHADO DE ASSIS', '6613', 'ROTARY,1170', '148', 'SP'),
('ALTOS DE SANTANA', '6618', 'DONA ANA DE BARROS, 320', '542', 'SP'),
('CHRISTIAN', '6619', 'SENHOR DO MONTE, 95', '206', 'SP'),
('CAROLINA', '6622', 'BELCHIOR BARREIROS, 110', '291', 'SP'),
('CASA VERDE POLO FLAT', '6623', 'RADIALISTA MANOEL NOBREGA', '103', 'SP'),
('MANDAGUACU E MARIALVA', '6624', 'FRANCO PAULISTA, 67', '77', 'SP'),
('ROSA CRISTINA', '6625', 'IGAPIRA, 74', '689', 'SP'),
('MANSAO DOS NOBRES', '6627', 'CAP. ALBERTO MENDES JR. 590', '812', 'SP'),
('DAMIANA', '6628', 'DAMIANA DA CUNHA, 385', '438', 'SP'),
('PRACA DAS FLORES', '6629', 'EDU CHAVES, 639', '976', 'SP'),
('MAISON DANIELLE', '6630', 'SALGADO FILHO, 1100', '338', 'SP'),
('PORTAL AQUARELLA', '6631', 'ITABERABA, 451', '709', 'SP'),
('PALMA D ORO', '6632', 'ARAGAO, 473', '956', 'SP'),
('ULTRAMARINO', '6633', 'ULTRAMARINO, 644', '940', 'SP'),
('SAINT MICHEL', '6634', 'SANTA INES, 244', '594', 'SP'),
('RAVENA I', '6636', 'ULTRAMARINO, 410', '234', 'SP'),
('PRAIA DE TAMBAU', '6639', 'JOSE GONCALVES GOMIDE, 689', '870', 'SP'),
('MORADA DA COLINA', '6640', 'CAP. LUIS RAMOS, 552', '85', 'SP'),
('CASA BELA', '6641', 'GAL. NESTOR PASSOS, 170', '544', 'SP'),
('VILLAGGIO PICCOLI', '6644', 'JENNY KLABIN SEGALL, 477', '289', 'SP'),
('STA. CATARINA', '6645', 'LEONCIO DE MAGALHAES, 1625', '136', 'SP'),
('PALMA D ART', '6646', 'JOAO DE LAERT, 423', '933', 'SP'),
('VILLAGIO DI PERUGGIA', '6647', 'CEL. EVARISTO CAMPOS, 79', '60', 'SP'),
('OUTEIRO DE SANTANA', '6648', 'MARIA BANDINI SAVOY, 85', '619', 'SP'),
('TAIUVA', '6650', 'ANGELO ALUISIO, 168', '35', 'SP'),
('DALIANE', '6652', 'JOSE DEBIEUX, 460', '284', 'SP'),
('SOLAR DOS CUNHAS', '6653', 'TOGO, 43', '383', 'SP'),
('SALLES VANNI', '6654', 'TOMAZ ANTONIO VILANI, 394', '267', 'SP'),
('BELLE VUE', '6658', 'EVARISTO ROQUE, 185', '954', 'SP'),
('MAISON DELDUQUE', '6659', 'SYLVIO DELDUQUE, 122', '894', 'SP'),
('PALACETE CASA FORTE', '6663', 'CASA FORTE, 78', '928', 'SP'),
('CONJUNTO HABITACIONAL SAMAMBAIA II', '6667', 'ALFREDO INACIO TRINDADE, 54', '577', 'SP'),
('CONJUNTO HABITACIONAL IPES', '6668', ' EDUARDO VICENTE NASSER,391', '30', 'SP'),
('CJTO.RESL.ALAMEDA DOS MUSICOS', '6669', 'DO SABAO, 1403', '435', 'SP'),
('MIRANDELA', '6670', 'JOSE GONCALVES GOMIDE, 462', '63', 'SP'),
('FLAVIA FERNANDA', '6672', 'SALGADO FILHO, 4.180', '901', 'SP'),
('SANTA MONICA', '6673', 'ABURA, 565', '796', 'SP'),
('CONJUNTO HABITACIONAL SAMAMBAIA III', '6677', 'HERBERT HOOVER, 30', '51', 'SP'),
('ESPLANADA DE SAO BENTO', '6678', 'SOROR ANGELICA, 735', '525', 'SP'),
('SEVILHA', '6679', 'TRAMWAY, 595', '234', 'SP'),
(' MORADA PARADISO', '6681', 'ITABERABA, N. 4883', '858', 'SP'),
('BELVEDER DE SANTANA', '6682', 'VOLUNTARIOS DA PATRIA, 4687', '396', 'SP'),
('GIORA', '6684', 'SAO NESTOR, 33', '455', 'SP'),
('ROYAL PARK', '6685', 'ZUMKELLER, 933', '513', 'SP'),
('MONTECATINI', '6686', 'ABURA, N. 40', '892', 'SP'),
('ASTI', '6687', 'XAVIER DA VEIGA, N. 81', '992', 'SP'),
('RIVERSIDE PARK', '6688', 'JOSE DE FIGUEIREDO SEIXAS, 67', '835', 'SP'),
('MORADA DOS ALPES', '6689', 'PARADA PINTO, N. 3696', '120', 'SP'),
('BAY SIDE', '6690', 'CONCEICAO, N. 58', '148', 'SP'),
('RESIDENCIAL AMETISTA', '1211', 'DANILO MOZELLI', '262', 'SP'),
('RESIDENCIAL AMETISTA', '1211', 'DAS LAGRIMAS', '2789', 'SP'),
('ASAHI', '1212', 'DOM PEDRO LEITAO', '153', 'SP'),
('NOVE DE JULHO', '2782', 'TAPINAS', '22', 'SP'),
('VILLAGGIO IMPERIALE', '1048', 'SANTOS DUMONT', '56', 'SP'),
('PIRAMBOIA', '1049', 'PIRAMBOIA', '928', 'SP'),
('ROLAND GARROS RESIDENCE', '3654', 'VIAZA', '975', 'SP'),
('SU MISURA EVOLUZIONE', '8108', 'JOSE DA SILVA RIBEIRO', '223', 'SP'),
('LOMBARDI OFFICES', '8109', 'DOM ARMANDO LOMBARDI', '557', 'SP'),
('SERRA DA ESTRELA', '4318', 'DOUTOR ALARICO SILVEIRA', '103', 'SP'),
('COSTA AZUL', '5464', 'CORONEL CAMISAO', '409', 'SP'),
('COSTA RICA', '5465', 'TURIASSU', '74', 'SP'),
('VILLAGIO GIARDINO', '6783', 'MAJOR DANTAS CORTEZ', '67', 'SP');


INSERT INTO condo.TipoMorador (Id, Descricao)
VALUES 
       (1, 'Proprietrio'),
       (2, 'Sindico'),
       (3, 'Inquilino'),
       (4, 'Idoso'),
       (5, 'Subsindico'),
       (6, 'PDC'),
       (7, 'Proprietrio inativo'),
       (8, 'Inquilino temporrio'),
       (9, 'Proprietrio ausente'),
       (10, 'Morador Estudante'),
       (11, 'Morador Empreendedor'),
       (12, 'Morador Profissional'),
       (13, 'Morador Comunidade Religiosa');
	   
INSERT INTO condo.morador (NOME,DATANASCIMENTO,TELEFONE,EMAIL,TIPOMORADORID) VALUES
	 ('WALTER BARRIOS',NULL,'(84)794530009','walter.barrios@terra.com.br','4'),
	 ('VILLAGIO DE',NULL,'(39)987923845','villagio.de@google.com.br','1'),
	 ('FLORIDA GARDENS',NULL,'(85)138826704','florida.gardens@outlook.com.br','7'),
	 ('ANDREA FREITAS',NULL,'(26)516008263','andrea.freitas@google.com.br','12'),
	 ('DIOGO AUGUSTO',TIMESTAMP'1969-01-01 00:00:00','(73)355956006','diogo.augusto@yahoo.com.br','8'),
	 ('RENATA MARIA',NULL,'(31)551192669','renata.maria@email.com.br','7'),
	 ('CLAUDINEI ROGERIO',NULL,'(11)322063569','claudinei.rogerio@google.com.br','11'),
	 ('RICARDO PIEDADE',TIMESTAMP'1969-10-03 00:00:00','(21)115997249','ricardo.piedade@yahoo.com.br','6'),
	 ('Veronica Souza',TIMESTAMP'1975-11-10 00:00:00','(57)102186837','veronica.souza@email.com.br','6'),
	 ('MARCO MARCO',NULL,'(63)619601406','marco.marco@terra.com.br','8'),
	 ('DEBORA PEDROSO',NULL,'(66)186216164','debora.pedroso@google.com.br','9'),
	 ('DABDAB ',TIMESTAMP'1937-09-23 00:00:00','(95)614675507','dabdab.silva@yahoo.com.br','10'),
	 ('EDMILSON SILVA',NULL,'(50)424014694','edmilson.silva@hotmail.com.br','9'),
	 ('MELINA DE',TIMESTAMP'0081-07-04 00:00:00','(52)750248819','melina.de@hotmail.com.br','11'),
	 ('SILVIA MORAES',NULL,'(12)715539809','silvia.moraes@google.com.br','6'),
	 ('SIDNEY LIMA',NULL,'(11)989904843','sidney.lima@email.com.br','5'),
	 ('LEONOR BIAGINI',TIMESTAMP'1967-03-16 00:00:00','(15)658903240','leonor.biagini@yahoo.com.br','11'),
	 ('JOSE CANATO',NULL,'(14)709617856','jose.canato@email.com.br','5'),
	 ('SIDNEI PAULO',NULL,'(44)187192917','sidnei.paulo@outlook.com.br','3'),
	 ('DURVAL DURVAL',NULL,'(17)431298251','durval.durval@outlook.com.br','6'),
	 ('JOSE PALMA',TIMESTAMP'1957-10-08 00:00:00','(64)799986986','jose.palma@email.com.br','8'),
	 ('AUGUSTO JOSE',NULL,'(76)705476387','augusto.jose@outlook.com.br','8'),
	 ('ANDRE LUIS',NULL,'(71)432300827','andre.luis@yahoo.com.br','8'),
	 ('WALDIR LAUREANO',NULL,'(60)138421007','waldir.laureano@yahoo.com.br','9'),
	 ('SILVIA ROMERO',NULL,'(74)178178410','silvia.romero@email.com.br','13'),
	 ('ANDR EDGARD',TIMESTAMP'1971-04-28 00:00:00','(32)451231015','andr.edgard@google.com.br','11'),
	 ('RHCPAIVA HOLDING',NULL,'(51)993977165','rhcpaiva.holding@yahoo.com.br','8'),
	 ('ROBERTO PAGNARD',NULL,'(18)933322403','roberto.pagnard@outlook.com.br','9'),
	 ('RONALDO BERALDI',NULL,'(51)525569924','ronaldo.beraldi@google.com.br','10'),
	 ('RENATO GERD',NULL,'(69)712975508','renato.gerd@yahoo.com.br','10'),
	 ('CAROLINE DOS',TIMESTAMP'1994-11-21 00:00:00','(98)880960503','caroline.dos@email.com.br','8'),
	 ('CHEN YA',TIMESTAMP'2012-01-01 00:00:00','(74)461163610','chen.ya@google.com.br','2'),
	 ('ICEK MIGUEL',NULL,'(27)715379216','icek.miguel@outlook.com.br','5'),
	 ('CRISTOPHER CINTRA',NULL,'(77)301009682','cristopher.cintra@outlook.com.br','1'),
	 ('SILVIA REGINA',NULL,'(78)390300026','silvia.regina@google.com.br','11'),
	 ('RICARDO RICARDO',NULL,'(63)583164159','ricardo.ricardo@outlook.com.br','2'),
	 ('NEW JERSEY',NULL,'(85)930123670','new.jersey@email.com.br','3'),
	 ('VALDIR DOS',TIMESTAMP'2001-01-01 00:00:00','(74)884316012','valdir.dos@email.com.br','10'),
	 ('AGUINALDO ALEXANDRINO',NULL,'(95)838310666','aguinaldo.alexandrino@terra.com.br','13'),
	 ('JOS EDUARDO',NULL,'(80)129178643','jos.eduardo@yahoo.com.br','9'),
	 ('MASA EMPREEND',NULL,'(70)144550295','masa.empreend@yahoo.com.br','12'),
	 ('SONIA MARIA',NULL,'(24)613543168','sonia.maria@hotmail.com.br','4'),
	 ('ROBERTO BIENES',NULL,'(80)234344713','roberto.bienes@terra.com.br','4'),
	 ('JOAO PAULO',NULL,'(30)195311673','joao.paulo@yahoo.com.br','11'),
	 ('EDUARDO DE',NULL,'(80)762394098','eduardo.de@yahoo.com.br','6'),
	 ('MARCOS ROBERTO',NULL,'(35)463673683','marcos.roberto@hotmail.com.br','2'),
	 ('MANOEL LUIZ',NULL,'(55)802968979','manoel.luiz@outlook.com.br','8'),
	 ('MARCO ANTONIO',NULL,'(33)278534058','marco.antonio@hotmail.com.br','6'),
	 ('VITOR RIBEIRO',NULL,'(43)990332688','vitor.ribeiro@hotmail.com.br','10'),
	 ('CASSIMIRA MENDES',NULL,'(20)878413600','cassimira.mendes@email.com.br','9'),
	 ('MARCELO LUCAS',NULL,'(17)933114680','marcelo.lucas@email.com.br','13'),
	 ('PETERSON VEDOVATO',NULL,'(97)354616969','peterson.vedovato@terra.com.br','10'),
	 ('PAULO ROBERTO',NULL,'(59)489907052','paulo.roberto@email.com.br','1'),
	 ('CLAUDIO MARTINS',NULL,'(49)753527348','claudio.martins@hotmail.com.br','3'),
	 ('JOSE CARLOS',NULL,'(84)239935288','jose.carlos@email.com.br','6'),
	 ('MARCIO APARECIDO',NULL,'(78)453822536','marcio.aparecido@hotmail.com.br','3'),
	 ('LUCIANA IMPERATRIZ',NULL,'(23)329829793','luciana.imperatriz@google.com.br','5'),
	 ('LOURIVAL RODRIGUES',NULL,'(96)334738031','lourival.rodrigues@email.com.br','12'),
	 ('PAULO HENRIQUE',NULL,'(69)389070917','paulo.henrique@email.com.br','4'),
	 ('ROGERIO AUGUSTO',TIMESTAMP'1972-01-27 00:00:00','(71)409013349','rogerio.augusto@yahoo.com.br','1'),
	 ('EDMILSON. EDMILSON.',NULL,'(29)734261381','edmilson..edmilson.@terra.com.br','9'),
	 ('ALEXEI LANGONE',NULL,'(92)534953999','alexei.langone@terra.com.br','3'),
	 ('MARINEZ CRUZ',NULL,'(23)170869720','marinez.cruz@google.com.br','12'),
	 ('ADILSON CORNELIO',NULL,'(33)155555882','adilson.cornelio@hotmail.com.br','3'),
	 ('ANNA ANNA',NULL,'(26)546378417','anna.anna@outlook.com.br','13'),
	 ('SILVIO REGINA',TIMESTAMP'1936-03-21 00:00:00','(58)108213826','silvio.regina@terra.com.br','3'),
	 ('WALTER CRUZ',TIMESTAMP'1956-12-15 00:00:00','(77)818739176','walter.cruz@outlook.com.br','2'),
	 ('INTRANSCOL COL.',NULL,'(17)695822517','intranscol.col.@outlook.com.br','1'),
	 ('JOSE RICARDO',TIMESTAMP'1952-03-06 00:00:00','(86)111798384','jose.ricardo@google.com.br','10'),
	 ('JORGE UDO',TIMESTAMP'2016-09-06 00:00:00','(88)379178291','jorge.udo@email.com.br','4'),
	 ('MAURO CHAGAS',NULL,'(40)244962200','mauro.chagas@outlook.com.br','3'),
	 ('OSWALDO MENDES',NULL,'(39)347276509','oswaldo.mendes@google.com.br','11'),
	 ('CLAUDIO ATSUSHI',NULL,'(82)687354751','claudio.atsushi@outlook.com.br','3'),
	 ('ARMANDO HANDAYA',TIMESTAMP'1960-11-11 00:00:00','(42)540508985','armando.handaya@outlook.com.br','13'),
	 ('GEORGES MONTALDO',TIMESTAMP'1964-10-27 00:00:00','(55)935779712','georges.montaldo@hotmail.com.br','13'),
	 ('OSCAR DE',TIMESTAMP'1961-05-03 00:00:00','(23)883807723','oscar.de@outlook.com.br','1'),
	 ('SONIA MARIA',TIMESTAMP'1954-04-24 00:00:00','(19)325212358','sonia.maria@terra.com.br','2'),
	 ('CRISTIANE MARDINOTTO',NULL,'(43)257550853','cristiane.mardinotto@email.com.br','7'),
	 ('DURVAL BENTO',NULL,'(68)522014740','durval.bento@outlook.com.br','12'),
	 ('SOLANGE SILVA',TIMESTAMP'1955-04-09 00:00:00','(35)710473999','solange.silva@google.com.br','8'),
	 ('AMAURI PRADO',NULL,'(50)561441839','amauri.prado@email.com.br','6'),
	 ('EVELINA INES',TIMESTAMP'1956-02-17 00:00:00','(24)568049118','evelina.ines@google.com.br','5'),
	 ('JOSE LUIS',NULL,'(93)921744697','jose.luis@hotmail.com.br','1'),
	 ('ISABELA CRISTINA',NULL,'(26)655854780','isabela.cristina@outlook.com.br','6'),
	 ('JOSE MARCOS',TIMESTAMP'1961-09-17 00:00:00','(47)794554748','jose.marcos@email.com.br','10'),
	 ('EDUARDO NOCCHI',NULL,'(50)608789519','eduardo.nocchi@email.com.br','7'),
	 ('FRANCISCO ANTONIO',NULL,'(21)437774651','francisco.antonio@google.com.br','9'),
	 ('LAILTON LEAL',TIMESTAMP'1965-10-07 00:00:00','(25)405275001','lailton.leal@terra.com.br','13'),
	 ('WAGNER MURANO',NULL,'(49)252972267','wagner.murano@email.com.br','4'),
	 ('PAULO PEREIRA',NULL,'(45)335014224','paulo.pereira@email.com.br','1'),
	 ('FERNANDO GIUSTI',NULL,'(25)331663937','fernando.giusti@google.com.br','8'),
	 ('MARCOS ANTONIO',NULL,'(80)803501202','marcos.antonio@yahoo.com.br','1'),
	 ('MARCOS MARTINS',NULL,'(32)586288465','marcos.martins@terra.com.br','10'),
	 ('FRANKI FRANKI',NULL,'(32)476764048','franki.franki@google.com.br','8'),
	 ('NADIA CRISTINA',NULL,'(89)506083205','nadia.cristina@google.com.br','5'),
	 ('MARIA CHRISTINA',TIMESTAMP'2023-12-01 00:00:00','(86)598530628','maria.christina@outlook.com.br','5'),
	 ('JOO ALBERTO',NULL,'(18)193110727','joo.alberto@outlook.com.br','8'),
	 ('EDISON ADACHI',NULL,'(88)691071913','edison.adachi@email.com.br','8'),
	 ('ELAINE RUY',NULL,'(13)567539819','elaine.ruy@outlook.com.br','4'),
	 ('ADRIANO GOMES',NULL,'(41)369108853','adriano.gomes@terra.com.br','5'),
	 ('Marcio/Regina ',NULL,'(91)691971576','marcio/regina.silva@email.com.br','6'),
	 ('NEUSA NEUSA',NULL,'(77)627498575','neusa.neusa@terra.com.br','5'),
	 ('CAMILO CARDOSO',NULL,'(65)526855371','camilo.cardoso@terra.com.br','4'),
	 ('CARLOS E.',NULL,'(82)717953600','carlos.e.@email.com.br','4'),
	 ('CYNTHIA GOULART',NULL,'(42)527226809','cynthia.goulart@google.com.br','9'),
	 ('Andr Luiz',TIMESTAMP'1977-07-26 00:00:00','(49)460625430','andr.luiz@terra.com.br','4'),
	 ('REGINA TVORA',NULL,'(16)827425286','regina.tvora@yahoo.com.br','8'),
	 ('ELVIO PREIXEDA',NULL,'(74)629522394','elvio.preixeda@yahoo.com.br','11'),
	 ('LAERCIO DE',NULL,'(20)485520599','laercio.de@hotmail.com.br','9'),
	 ('JOO CARLOS',TIMESTAMP'2017-07-10 00:00:00','(23)860849630','joo.carlos@hotmail.com.br','10'),
	 ('LOURDES LOURDES',NULL,'(61)941083592','lourdes.lourdes@hotmail.com.br','10'),
	 ('ELLEN ELLEN',NULL,'(41)888659675','ellen.ellen@hotmail.com.br','6'),
	 ('MARIA CECILIA',NULL,'(98)435311333','maria.cecilia@yahoo.com.br','11'),
	 ('LEANDRA CRISTINA',TIMESTAMP'1983-09-08 00:00:00','(72)266951928','leandra.cristina@terra.com.br','13'),
	 ('JURANDIR TORRAZILIA',NULL,'(52)411585909','jurandir.torrazilia@google.com.br','7'),
	 ('LOURENCO HATTORI',NULL,'(26)515960315','lourenco.hattori@google.com.br','10'),
	 ('RAIMUNDO IVANCIS',NULL,'(90)411983512','raimundo.ivancis@yahoo.com.br','13'),
	 ('WILSON ROBERTO',TIMESTAMP'2019-04-30 00:00:00','(57)216283552','wilson.roberto@yahoo.com.br','13'),
	 ('FRANCISCO G.',TIMESTAMP'2011-01-19 00:00:00','(47)952586875','francisco.g.@email.com.br','11'),
	 ('JOACY BATISTA',TIMESTAMP'1962-01-01 00:00:00','(35)517452436','joacy.batista@terra.com.br','1'),
	 ('DECIO ROBERTO',NULL,'(26)901058336','decio.roberto@email.com.br','6'),
	 ('GERALDO MORETE',TIMESTAMP'1968-08-07 00:00:00','(79)610129563','geraldo.morete@hotmail.com.br','8'),
	 ('ROSA MARIA',NULL,'(79)759361748','rosa.maria@google.com.br','5'),
	 ('ROBERTO MALDONADO',NULL,'(38)860955353','roberto.maldonado@email.com.br','7'),
	 ('ORLANDO ALBERTINI',NULL,'(35)720567959','orlando.albertini@terra.com.br','12'),
	 ('OSVALDO PRAXEDES',NULL,'(11)794252104','osvaldo.praxedes@outlook.com.br','6'),
	 ('PAULO. PAULO.',NULL,'(39)351196139','paulo..paulo.@terra.com.br','13'),
	 ('VILMA ANTONELLO',NULL,'(68)362508689','vilma.antonello@google.com.br','9'),
	 ('ALBERTO FERNANDES',TIMESTAMP'2007-08-01 00:00:00','(31)440218835','alberto.fernandes@yahoo.com.br','13'),
	 ('ROBSON BUENO',TIMESTAMP'1971-06-22 00:00:00','(13)920888669','robson.bueno@outlook.com.br','9'),
	 ('ALEXANDRE ANDRADE',NULL,'(17)963819260','alexandre.andrade@outlook.com.br','11'),
	 ('ROBERTO TARDIOLI',NULL,'(96)446329160','roberto.tardioli@email.com.br','9'),
	 ('MARIA APARECIDA',NULL,'(67)112676419','maria.aparecida@terra.com.br','4'),
	 ('ERNESTO GIOVANAZZI',NULL,'(31)989515647','ernesto.giovanazzi@email.com.br','7'),
	 ('PAULO ROBERTO',NULL,'(25)948880558','paulo.roberto@email.com.br','6'),
	 ('JULIO CEZAR',NULL,'(86)827657332','julio.cezar@outlook.com.br','1'),
	 ('FERDINANDO CORDIGNANO',NULL,'(20)986794264','ferdinando.cordignano@outlook.com.br','5'),
	 ('VILMA VILMA',NULL,'(77)765444600','vilma.vilma@google.com.br','5'),
	 ('SHILEI SHILEI',NULL,'(68)926612151','shilei.shilei@hotmail.com.br','13'),
	 ('JOSE LUCIANO',TIMESTAMP'1972-07-18 00:00:00','(24)772816954','jose.luciano@google.com.br','13'),
	 ('JESS JESS',NULL,'(36)301889855','jess.jess@outlook.com.br','12'),
	 ('JULIO CESAR',NULL,'(35)538158267','julio.cesar@google.com.br','6'),
	 ('LEANDRO CESAR',TIMESTAMP'1975-01-13 00:00:00','(39)358145720','leandro.cesar@email.com.br','12'),
	 ('ISABELA BRESSAN',NULL,'(74)574147037','isabela.bressan@hotmail.com.br','3'),
	 ('HENRIQUE TIMONER',NULL,'(94)579169703','henrique.timoner@outlook.com.br','10'),
	 ('CINTIA VENTURA',NULL,'(21)618907386','cintia.ventura@google.com.br','4'),
	 ('MARIA HELENA',NULL,'(93)434869310','maria.helena@outlook.com.br','6'),
	 ('MAGALI DALTRO',NULL,'(75)596126488','magali.daltro@email.com.br','7'),
	 ('ROBERTO NUNES',NULL,'(25)687874307','roberto.nunes@outlook.com.br','2'),
	 ('ANTONIO CELSO',NULL,'(36)432353452','antonio.celso@email.com.br','6'),
	 ('JUAN SABATE',NULL,'(34)670919452','juan.sabate@outlook.com.br','7'),
	 ('ROBERTO DIAS',NULL,'(34)861057785','roberto.dias@terra.com.br','8'),
	 ('SUELI DE',NULL,'(50)901954938','sueli.de@hotmail.com.br','4'),
	 ('ALEXANDRE PALHARES',TIMESTAMP'1972-09-12 00:00:00','(39)230244417','alexandre.palhares@outlook.com.br','3'),
	 ('TADEU ANASTACIO',NULL,'(63)569658200','tadeu.anastacio@outlook.com.br','1'),
	 ('ARNALDO PIRES',NULL,'(14)644456198','arnaldo.pires@yahoo.com.br','7'),
	 ('ORLANDO CAETANO',NULL,'(93)711361580','orlando.caetano@google.com.br','1'),
	 ('ADRIANO NADALIN',NULL,'(89)193882716','adriano.nadalin@terra.com.br','3'),
	 ('ARMENIO MEKHITARIAN',NULL,'(25)460140973','armenio.mekhitarian@outlook.com.br','6'),
	 ('JULIO CESAR',NULL,'(48)641128092','julio.cesar@yahoo.com.br','5'),
	 ('ROSIMEIRE BICUDO',TIMESTAMP'1959-08-28 00:00:00','(34)977675538','rosimeire.bicudo@hotmail.com.br','1'),
	 ('NIVALDO MOREIRA',NULL,'(72)730282986','nivaldo.moreira@hotmail.com.br','10'),
	 ('ALEXANDRE DE',NULL,'(26)625382315','alexandre.de@google.com.br','5'),
	 ('LUIZ ANTONIO',NULL,'(96)355675242','luiz.antonio@yahoo.com.br','3'),
	 ('REGINA CLIA',NULL,'(38)325018690','regina.clia@email.com.br','3'),
	 ('BERTRAND CLAUSELL',NULL,'(94)254944044','bertrand.clausell@hotmail.com.br','9'),
	 ('JULIA CELINA',NULL,'(36)930738027','julia.celina@hotmail.com.br','10'),
	 ('CELO CELO',NULL,'(76)211137914','celo.celo@terra.com.br','12'),
	 ('SERGIO SCARPIONES',TIMESTAMP'1965-03-02 00:00:00','(54)953035556','sergio.scarpiones@google.com.br','10'),
	 ('ANDRE MENEGHETTI',NULL,'(37)600313929','andre.meneghetti@outlook.com.br','2'),
	 ('Fernando M.',TIMESTAMP'1963-11-20 00:00:00','(34)262410260','fernando.m.@email.com.br','12'),
	 ('ARIANE MATEUS',TIMESTAMP'1976-08-19 00:00:00','(45)588155619','ariane.mateus@email.com.br','7'),
	 ('ALEXANDRE FERREIRA',NULL,'(68)734224594','alexandre.ferreira@terra.com.br','5'),
	 ('CARLOS ALBERTO',NULL,'(79)723097069','carlos.alberto@google.com.br','8'),
	 ('RICARDO ANTONIO',NULL,'(90)408361268','ricardo.antonio@hotmail.com.br','6'),
	 ('SEBASTIAO AMERICO',NULL,'(83)367519728','sebastiao.americo@terra.com.br','9'),
	 ('HAIDE APARECIDA',NULL,'(57)307433420','haide.aparecida@google.com.br','4'),
	 ('CLAUDIA ARAUJO',NULL,'(84)255949182','claudia.araujo@outlook.com.br','8'),
	 ('WILSON LUIS',TIMESTAMP'1959-09-25 00:00:00','(48)859213596','wilson.luis@google.com.br','5'),
	 ('Cesar Campioni',TIMESTAMP'1980-11-20 00:00:00','(73)317067790','cesar.campioni@google.com.br','13'),
	 ('WALTER CITY',NULL,'(66)301177959','walter.city@google.com.br','7'),
	 ('ALBERTO WALTER',NULL,'(82)649173002','alberto.walter@email.com.br','6'),
	 ('CRISTIANE A.',NULL,'(36)894160345','cristiane.a.@outlook.com.br','2'),
	 ('JOSMAR MARTINS',NULL,'(86)888512387','josmar.martins@hotmail.com.br','11'),
	 ('ANDRE TADEU',NULL,'(47)475217985','andre.tadeu@google.com.br','3'),
	 ('WILSON ROBERTO',TIMESTAMP'1965-09-28 00:00:00','(73)781026081','wilson.roberto@google.com.br','2'),
	 ('JOSE CARLOS',TIMESTAMP'1945-03-18 00:00:00','(59)626859801','jose.carlos@hotmail.com.br','7'),
	 ('EDUARDO BORKLIAN',NULL,'(93)189182649','eduardo.borklian@email.com.br','7'),
	 ('ANTONIO FELIX',NULL,'(60)932341651','antonio.felix@yahoo.com.br','9'),
	 ('ROSELY F.',NULL,'(90)133616575','rosely.f.@google.com.br','11'),
	 ('ALDO ANTONIO',NULL,'(20)319155105','aldo.antonio@email.com.br','10'),
	 ('NELSON HENRIQUE',TIMESTAMP'1942-08-22 00:00:00','(15)202931341','nelson.henrique@email.com.br','11'),
	 ('OSWALDO DE',NULL,'(33)264261252','oswaldo.de@terra.com.br','6'),
	 ('SILVANO AUGUSTO',NULL,'(98)239636329','silvano.augusto@google.com.br','3'),
	 ('AUGUSTO ROSELLI',TIMESTAMP'1934-01-16 00:00:00','(82)845999331','augusto.roselli@google.com.br','10'),
	 ('ANATALICIO SOARES',TIMESTAMP'1933-07-16 00:00:00','(73)918679318','anatalicio.soares@yahoo.com.br','12'),
	 ('JOSE CARLOS',NULL,'(82)223587151','jose.carlos@hotmail.com.br','10'),
	 ('THEREZINHA CHARLANTI',NULL,'(91)869032344','therezinha.charlanti@terra.com.br','7'),
	 ('MIRIAN RIBEIRO',NULL,'(69)602567905','mirian.ribeiro@yahoo.com.br','10'),
	 ('MARLENE TOSCHI',NULL,'(87)485581826','marlene.toschi@yahoo.com.br','11'),
	 ('MARCOS STENDER',TIMESTAMP'1961-09-02 00:00:00','(78)349449735','marcos.stender@yahoo.com.br','13'),
	 ('RITA CURIA',NULL,'(33)566019936','rita.curia@hotmail.com.br','5'),
	 ('ERMELINDA YAMASAKE',NULL,'(77)971804520','ermelinda.yamasake@email.com.br','9'),
	 ('CELSO CELSO',NULL,'(94)989737055','celso.celso@hotmail.com.br','12'),
	 ('VICTOR LUIZ',NULL,'(44)259524898','victor.luiz@email.com.br','13'),
	 ('CELIA MARIA',TIMESTAMP'1948-12-23 00:00:00','(96)989163171','celia.maria@email.com.br','12'),
	 ('Vera Helena',TIMESTAMP'2015-02-27 00:00:00','(76)539415557','vera.helena@outlook.com.br','12'),
	 ('IVONE AMARAL',TIMESTAMP'1926-05-11 00:00:00','(62)949705445','ivone.amaral@yahoo.com.br','8'),
	 ('JOSE VAZ',NULL,'(20)932992724','jose.vaz@hotmail.com.br','13'),
	 ('JOAO BATISTA',NULL,'(48)660900506','joao.batista@outlook.com.br','8'),
	 ('CHAIM USZER',NULL,'(20)241871703','chaim.uszer@email.com.br','12'),
	 ('CARLOS EDUARDO',TIMESTAMP'1954-04-26 00:00:00','(85)365727221','carlos.eduardo@email.com.br','1'),
	 ('PAULO S.',NULL,'(75)437719183','paulo.s.@hotmail.com.br','11'),
	 ('JOAO MASI',NULL,'(47)358571332','joao.masi@hotmail.com.br','7'),
	 ('PAULO SETUBAL',NULL,'(78)202147114','paulo.setubal@hotmail.com.br','11'),
	 ('JOSE LUIZ',NULL,'(51)718047600','jose.luiz@yahoo.com.br','12'),
	 ('FERNANDO C.',NULL,'(89)162714309','fernando.c.@terra.com.br','5'),
	 ('ANTONIO JOSE',NULL,'(64)919263796','antonio.jose@email.com.br','7'),
	 ('Edgar Harry',TIMESTAMP'1945-12-13 00:00:00','(40)847923994','edgar.harry@hotmail.com.br','11'),
	 ('ROBERTO F.',NULL,'(35)828243294','roberto.f.@yahoo.com.br','7'),
	 ('LUIZ GON.',NULL,'(86)930927750','luiz.gon.@hotmail.com.br','13'),
	 ('ROBERTO ANTONIO',NULL,'(31)742945043','roberto.antonio@google.com.br','12'),
	 ('ANTONIO LUIZ',NULL,'(14)532968607','antonio.luiz@hotmail.com.br','12'),
	 ('SERGIO RICARDO',NULL,'(38)265248853','sergio.ricardo@email.com.br','1'),
	 ('MIRIAM MILIONI',NULL,'(31)961797789','miriam.milioni@outlook.com.br','6'),
	 ('ANTONIO DA',NULL,'(29)932471961','antonio.da@terra.com.br','1'),
	 ('MAURICIO ANDREOLI',NULL,'(29)596172303','mauricio.andreoli@terra.com.br','10'),
	 ('DR.PAULO (',NULL,'(19)722594475','dr.paulo.(@yahoo.com.br','9'),
	 ('CAMILA BEATRIZ',NULL,'(14)558282434','camila.beatriz@yahoo.com.br','10'),
	 ('CSSIO CARVALHO',TIMESTAMP'1962-09-08 00:00:00','(46)133844840','cssio.carvalho@hotmail.com.br','13'),
	 ('MARCELO PIMENTEL',NULL,'(59)443434784','marcelo.pimentel@outlook.com.br','12'),
	 ('VALERIA SEVERINO',TIMESTAMP'1965-10-08 00:00:00','(19)911571782','valeria.severino@email.com.br','8'),
	 ('ROSANGELA DE',NULL,'(80)152435405','rosangela.de@outlook.com.br','7'),
	 ('SONIA MARIA',NULL,'(75)541169305','sonia.maria@terra.com.br','1'),
	 ('MARCOS CASTANHO',NULL,'(52)424626601','marcos.castanho@hotmail.com.br','5'),
	 ('DIMITRIOS FYSKATORIS',TIMESTAMP'1964-05-23 00:00:00','(46)163981209','dimitrios.fyskatoris@terra.com.br','1'),
	 ('MAURICIO WALTHER',NULL,'(98)675212060','mauricio.walther@terra.com.br','10'),
	 ('MARIA JERONIMA',NULL,'(30)236737447','maria.jeronima@yahoo.com.br','11'),
	 ('CLAUDIO CLAUDIO',NULL,'(40)548839801','claudio.claudio@email.com.br','4'),
	 ('LINCOLN BORGES',TIMESTAMP'1965-02-18 00:00:00','(83)113572132','lincoln.borges@terra.com.br','13'),
	 ('VILANTE VILANTE',NULL,'(64)926794247','vilante.vilante@outlook.com.br','11'),
	 ('MARCELO FERNANDES',NULL,'(27)579283546','marcelo.fernandes@hotmail.com.br','7'),
	 ('ROLF PETERMANN',NULL,'(87)583598842','rolf.petermann@google.com.br','11'),
	 ('ROLF PETERMANN',NULL,'(20)308418810','rolf.petermann@google.com.br','8'),
	 ('GLRIA VITA',NULL,'(12)861846590','glria.vita@terra.com.br','5'),
	 ('ALEXANDRE ALEXANDRE',NULL,'(15)478448857','alexandre.alexandre@email.com.br','2'),
	 ('CLAUDIO VENTURA',NULL,'(60)679132687','claudio.ventura@hotmail.com.br','8'),
	 ('MARCO ANTONIO',NULL,'(55)261883389','marco.antonio@google.com.br','2'),
	 ('LENICE GOMES',NULL,'(35)899115357','lenice.gomes@google.com.br','8'),
	 ('ALBERTO FERNANDES',NULL,'(64)279092354','alberto.fernandes@terra.com.br','12'),
	 ('ALEXANDRE GALVONAS',NULL,'(26)643520368','alexandre.galvonas@terra.com.br','5'),
	 ('MURILO ANDREOLLO',NULL,'(44)948277796','murilo.andreollo@outlook.com.br','5'),
	 ('CELIA APARECIDA',NULL,'(41)108519063','celia.aparecida@terra.com.br','12'),
	 ('RONALDO LOPES',NULL,'(49)975723562','ronaldo.lopes@google.com.br','3'),
	 ('CARLOS ESTEVAM',NULL,'(60)978901891','carlos.estevam@email.com.br','9'),
	 ('Denize de',NULL,'(73)786920844','denize.de@terra.com.br','2'),
	 ('WANDERLEY NAPOLITANO',NULL,'(48)261714861','wanderley.napolitano@email.com.br','10'),
	 ('JOSE CARLOS',TIMESTAMP'2012-07-01 00:00:00','(48)636541418','jose.carlos@email.com.br','3'),
	 ('DIRCEU GONCALVES',NULL,'(50)235999348','dirceu.goncalves@terra.com.br','6'),
	 ('JOSE PIMENTEL',NULL,'(42)693454432','jose.pimentel@email.com.br','12'),
	 ('JOAO CARLOS',TIMESTAMP'1999-01-01 00:00:00','(68)462495100','joao.carlos@email.com.br','13'),
	 ('SHEILA CRISTINA',NULL,'(24)268462213','sheila.cristina@outlook.com.br','11'),
	 ('SOLANGE BATISTA',NULL,'(87)594910182','solange.batista@outlook.com.br','5'),
	 ('MAURO GARCIA',NULL,'(95)264272314','mauro.garcia@google.com.br','8'),
	 ('SILVESTRE FRANCISCO',NULL,'(79)922308390','silvestre.francisco@google.com.br','11'),
	 ('ANTONIO LUIZ',TIMESTAMP'1970-02-21 00:00:00','(58)748296927','antonio.luiz@terra.com.br','11'),
	 ('JORGE ROBERTO',NULL,'(25)333636104','jorge.roberto@outlook.com.br','11'),
	 ('CLEUZA AURORA',NULL,'(66)649153108','cleuza.aurora@google.com.br','3'),
	 ('PAULO COSTA',NULL,'(44)849400868','paulo.costa@terra.com.br','12'),
	 ('AMELIA CAMILO',NULL,'(94)861473367','amelia.camilo@yahoo.com.br','4'),
	 ('JOSE CARLOS',TIMESTAMP'1964-05-09 00:00:00','(75)703643993','jose.carlos@google.com.br','6'),
	 ('WILSON BATISTA',NULL,'(79)469584004','wilson.batista@hotmail.com.br','4'),
	 ('ENNIO NUNES',NULL,'(16)718536637','ennio.nunes@outlook.com.br','12'),
	 ('ALBINO ALBINO',NULL,'(44)140170951','albino.albino@hotmail.com.br','11'),
	 ('GLORIA DE',NULL,'(69)782930444','gloria.de@hotmail.com.br','11'),
	 ('ONELIO ARGENTINO',NULL,'(81)387435198','onelio.argentino@google.com.br','4'),
	 ('JOSE ROBERTO',TIMESTAMP'1967-11-27 00:00:00','(44)913076174','jose.roberto@outlook.com.br','12'),
	 ('SIDNEY V.',NULL,'(13)100167641','sidney.v.@yahoo.com.br','7'),
	 ('PAULO SOARES',NULL,'(62)163533046','paulo.soares@outlook.com.br','5'),
	 ('JOAO CAMINOTO',NULL,'(22)420320022','joao.caminoto@google.com.br','3'),
	 ('MARIA APARECIDA',NULL,'(94)611951377','maria.aparecida@hotmail.com.br','1'),
	 ('LUCI APARECIDA',NULL,'(68)789859470','luci.aparecida@google.com.br','1'),
	 ('JOSE CALISTO',NULL,'(63)430777725','jose.calisto@terra.com.br','10'),
	 ('VIVIANE GUIRAO',TIMESTAMP'1976-02-05 00:00:00','(25)142604152','viviane.guirao@terra.com.br','2'),
	 ('MOISES SZNAIDER',NULL,'(61)288728077','moises.sznaider@outlook.com.br','11'),
	 ('OSWALDO PASSOS',NULL,'(47)721239407','oswaldo.passos@hotmail.com.br','9'),
	 ('LUIZ CARVALHO',NULL,'(77)512324701','luiz.carvalho@outlook.com.br','7'),
	 ('DAVID ROBERTI',NULL,'(46)754670499','david.roberti@google.com.br','8'),
	 ('CARLOS EDUARDO',NULL,'(39)495803589','carlos.eduardo@hotmail.com.br','6'),
	 ('HARDMAN ALVES',NULL,'(18)176675332','hardman.alves@outlook.com.br','13'),
	 ('JUVENTINO PEREIRA',TIMESTAMP'1946-04-26 00:00:00','(34)848764417','juventino.pereira@terra.com.br','3'),
	 ('ROBINSON ZANINI',NULL,'(15)482402249','robinson.zanini@terra.com.br','3'),
	 ('VICTOR DAGOBERTO',TIMESTAMP'1980-11-15 00:00:00','(35)561112412','victor.dagoberto@google.com.br','8'),
	 ('MARIA BEATRIZ',NULL,'(15)799118013','maria.beatriz@yahoo.com.br','10'),
	 ('WLADMIR BELLIZIA',NULL,'(13)927472333','wladmir.bellizia@terra.com.br','1'),
	 ('PAULO VELOSO',NULL,'(54)160745175','paulo.veloso@terra.com.br','12'),
	 ('ARNALDO IEZZI',NULL,'(82)503273145','arnaldo.iezzi@outlook.com.br','4'),
	 ('GILDA FRATTA',NULL,'(22)837088135','gilda.fratta@google.com.br','11'),
	 ('MARIA ANGELA',NULL,'(14)969315262','maria.angela@google.com.br','6'),
	 ('VINICIUS DE',NULL,'(21)435258842','vinicius.de@hotmail.com.br','1'),
	 ('ROMULO ANTONIO',NULL,'(96)409371182','romulo.antonio@google.com.br','6'),
	 ('CARLOS EDUARDO',NULL,'(55)922082600','carlos.eduardo@outlook.com.br','5'),
	 ('MILTON LEVY',TIMESTAMP'1958-05-29 00:00:00','(42)388275959','milton.levy@terra.com.br','8'),
	 ('RENATO BARONE',NULL,'(24)942774585','renato.barone@yahoo.com.br','2'),
	 ('CARLOS FUCHS',NULL,'(35)874332402','carlos.fuchs@email.com.br','3'),
	 ('ROBERTO SILVESTRE',TIMESTAMP'2020-03-23 00:00:00','(32)740374839','roberto.silvestre@google.com.br','5'),
	 ('JOAO LUIS',NULL,'(53)213406028','joao.luis@google.com.br','3'),
	 ('JOAO LUIS',NULL,'(24)714018963','joao.luis@hotmail.com.br','13'),
	 ('IAKYR CESAR',NULL,'(34)617826526','iakyr.cesar@terra.com.br','13'),
	 ('EDUARDO DE',NULL,'(97)968378516','eduardo.de@outlook.com.br','3'),
	 ('ROGRIO SILVA',NULL,'(78)736692181','rogrio.silva@hotmail.com.br','4'),
	 ('SR CARLOS',NULL,'(77)981433971','sr.carlos@yahoo.com.br','5'),
	 ('STEFAN PAIVA',TIMESTAMP'1979-05-18 00:00:00','(83)502071149','stefan.paiva@terra.com.br','5'),
	 ('ELIEZER SCHAFFER',NULL,'(18)830179308','eliezer.schaffer@email.com.br','6'),
	 ('MARIA LUIZA',NULL,'(52)147420894','maria.luiza@terra.com.br','9'),
	 ('RICARDO SIMPLICIO',NULL,'(63)151119606','ricardo.simplicio@email.com.br','9'),
	 ('RICARDO KENDY',NULL,'(89)108619857','ricardo.kendy@terra.com.br','2'),
	 ('SONIA ',TIMESTAMP'1956-04-22 00:00:00','(90)250226550','sonia.silva@outlook.com.br','1'),
	 ('FRANCISCO LUIZ',NULL,'(60)348885364','francisco.luiz@email.com.br','13'),
	 ('SR. GIL',NULL,'(71)934255912','sr..gil@terra.com.br','4'),
	 ('JULIO JULIO',NULL,'(61)674730737','julio.julio@terra.com.br','4'),
	 ('SANDRA LUCIA',NULL,'(54)192657662','sandra.lucia@email.com.br','10'),
	 ('ROSIMEIRE DA',NULL,'(66)199116933','rosimeire.da@terra.com.br','8'),
	 ('JOS ROBERTO',NULL,'(12)663242142','jos.roberto@hotmail.com.br','9'),
	 ('JOMAR GONZAGA',NULL,'(74)468171007','jomar.gonzaga@email.com.br','9'),
	 ('MARIA MAIA',NULL,'(23)251301745','maria.maia@email.com.br','6'),
	 ('PATRICIA MARIA',NULL,'(74)193325989','patricia.maria@email.com.br','11'),
	 ('JANAINA JANAINA',NULL,'(75)103368109','janaina.janaina@hotmail.com.br','1'),
	 ('ROSSI RESIDENCIAL',NULL,'(71)215584626','rossi.residencial@yahoo.com.br','2'),
	 ('EDUARDO BOCCIA',TIMESTAMP'2015-08-01 00:00:00','(25)818449086','eduardo.boccia@email.com.br','7'),
	 ('MARCELO POSSANI',TIMESTAMP'1966-08-20 00:00:00','(21)306626988','marcelo.possani@hotmail.com.br','12'),
	 ('JORGE JORGE',NULL,'(80)130269142','jorge.jorge@hotmail.com.br','4'),
	 ('R. J.',NULL,'(71)895699547','r..j.@terra.com.br','11'),
	 ('ISAAC CHVAICER',NULL,'(19)112400412','isaac.chvaicer@hotmail.com.br','4'),
	 ('LUCINEI DE',NULL,'(76)890818286','lucinei.de@google.com.br','4'),
	 ('MARCELO MARCELO',NULL,'(20)279518121','marcelo.marcelo@hotmail.com.br','5'),
	 ('L V',TIMESTAMP'2014-05-01 00:00:00','(31)584659770','l.v@terra.com.br','3'),
	 ('SERGIO ARANDA',TIMESTAMP'1957-12-31 00:00:00','(48)229716857','sergio.aranda@outlook.com.br','11'),
	 ('LUIZ FERNANDO',TIMESTAMP'2007-01-01 00:00:00','(67)216125903','luiz.fernando@terra.com.br','13'),
	 ('MRIO JOS',NULL,'(28)174354994','mrio.jos@hotmail.com.br','6'),
	 ('SERGIO TADEU',NULL,'(97)112854091','sergio.tadeu@terra.com.br','11'),
	 ('ALFREDO LUIZ',TIMESTAMP'2020-04-14 00:00:00','(12)506687730','alfredo.luiz@email.com.br','6'),
	 ('CELIO EDELCIO',NULL,'(11)905628945','celio.edelcio@outlook.com.br','4'),
	 ('CLAUDIO A',NULL,'(98)217615295','claudio.a@yahoo.com.br','5'),
	 ('MARCELO SILVA',NULL,'(78)438406808','marcelo.silva@google.com.br','3'),
	 ('MONICA YOSHIZATO',NULL,'(26)910239762','monica.yoshizato@google.com.br','5'),
	 ('VINCIUS MARINHO',TIMESTAMP'1976-04-05 00:00:00','(12)312035991','vincius.marinho@hotmail.com.br','4'),
	 ('JOO LUIS',NULL,'(19)439756472','joo.luis@hotmail.com.br','10'),
	 ('JOO LUIS',NULL,'(89)658364864','joo.luis@google.com.br','2'),
	 ('NIVALDO JOAQUIM',NULL,'(68)202563206','nivaldo.joaquim@hotmail.com.br','4'),
	 ('RICARDO A.RODOVALHO',TIMESTAMP'2024-12-01 00:00:00','(49)988162518','ricardo.a.rodovalho@email.com.br','6'),
	 ('JOS CAMILO',NULL,'(35)127750460','jos.camilo@outlook.com.br','6'),
	 ('JOSE ROBERTO',TIMESTAMP'1968-03-23 00:00:00','(55)715593675','jose.roberto@google.com.br','5'),
	 ('CRISTIANO RODRIGUES',NULL,'(97)820394331','cristiano.rodrigues@hotmail.com.br','1'),
	 ('ALCINO GOMES',TIMESTAMP'1955-09-18 00:00:00','(32)449510382','alcino.gomes@google.com.br','2'),
	 ('IVAN SIMONIAN',NULL,'(83)139134666','ivan.simonian@google.com.br','12'),
	 ('LUIS A.',NULL,'(56)447559717','luis.a.@email.com.br','9'),
	 ('ELZA MARIA',NULL,'(32)636356373','elza.maria@terra.com.br','3'),
	 ('JULIO CESAR',NULL,'(42)597005054','julio.cesar@terra.com.br','6'),
	 ('HOMERO CASONATO',TIMESTAMP'2015-02-27 00:00:00','(92)384872636','homero.casonato@hotmail.com.br','7'),
	 ('ANTONIO DE',TIMESTAMP'0002-11-30 00:00:00','(91)938887691','antonio.de@hotmail.com.br','2'),
	 ('RONALDO CIPRIANO',NULL,'(26)494313836','ronaldo.cipriano@hotmail.com.br','2'),
	 ('MARCOS ANTONIO',NULL,'(11)275747810','marcos.antonio@outlook.com.br','7'),
	 ('cond. Gaivota',TIMESTAMP'2014-01-01 00:00:00','(24)924898037','cond..gaivota@google.com.br','13'),
	 ('FLAVIO POLO',TIMESTAMP'1938-05-13 00:00:00','(43)854675768','flavio.polo@google.com.br','7'),
	 ('MARCELO PARISI',TIMESTAMP'1973-09-02 00:00:00','(66)819030004','marcelo.parisi@terra.com.br','12'),
	 ('CAETANO BREZOLINE',NULL,'(31)815107502','caetano.brezoline@hotmail.com.br','12'),
	 ('MACCP GERENCIAMENTO',NULL,'(21)517806381','maccp.gerenciamento@terra.com.br','3'),
	 ('AFONSO HENRIQUE',NULL,'(39)825806864','afonso.henrique@outlook.com.br','1'),
	 ('JUVENAL DIAS',NULL,'(53)905223880','juvenal.dias@google.com.br','7'),
	 ('DIMAS ALVARES',NULL,'(62)665915559','dimas.alvares@google.com.br','6'),
	 ('ANTONIO CESAR',TIMESTAMP'2000-09-03 00:00:00','(56)774722590','antonio.cesar@google.com.br','10'),
	 ('MARIA APARECIDA',NULL,'(45)738649861','maria.aparecida@yahoo.com.br','8'),
	 ('SONIA MARIA',TIMESTAMP'1952-07-31 00:00:00','(21)405599358','sonia.maria@email.com.br','3'),
	 ('RIVADAVIA DIAS',NULL,'(74)557560476','rivadavia.dias@yahoo.com.br','4'),
	 ('MILTON BUENO',NULL,'(90)325142409','milton.bueno@outlook.com.br','5'),
	 ('SERGIO ENOUT',NULL,'(11)488192320','sergio.enout@email.com.br','9'),
	 ('CARLOS BARONE',NULL,'(82)269817522','carlos.barone@email.com.br','13'),
	 ('ROGERIO CID',NULL,'(52)280654616','rogerio.cid@yahoo.com.br','2'),
	 ('ARMANDO PIRES',NULL,'(59)783518238','armando.pires@terra.com.br','9'),
	 ('WALTER VENTURI',NULL,'(55)823703849','walter.venturi@email.com.br','4'),
	 ('UBIRATAN DOS',NULL,'(81)914669358','ubiratan.dos@outlook.com.br','1'),
	 ('CLARICE LIMA',NULL,'(38)267809243','clarice.lima@outlook.com.br','5'),
	 ('CRISTIANE BIFURCO',NULL,'(23)419719968','cristiane.bifurco@yahoo.com.br','8'),
	 ('THOMAS UNGER',NULL,'(16)656068181','thomas.unger@google.com.br','5'),
	 ('OSWALDO LUIZ',TIMESTAMP'2000-11-15 00:00:00','(93)662009594','oswaldo.luiz@hotmail.com.br','12'),
	 ('LUIS ANTONIO',NULL,'(91)904215839','luis.antonio@hotmail.com.br','9'),
	 ('GUIDA BACETTI',NULL,'(19)990853811','guida.bacetti@hotmail.com.br','4'),
	 ('PAULO ',NULL,'(38)518617188','paulo.silva@terra.com.br','10'),
	 ('MAURO ALVES',NULL,'(24)673830365','mauro.alves@email.com.br','5'),
	 ('MARCIA REGINA',NULL,'(65)811257848','marcia.regina@google.com.br','13'),
	 ('DALVA AUGUSTA',NULL,'(58)394293971','dalva.augusta@terra.com.br','7'),
	 ('PEDRO BATISTA',NULL,'(83)966409783','pedro.batista@email.com.br','7'),
	 ('CARLOS ALBERTO',NULL,'(44)364714939','carlos.alberto@email.com.br','6'),
	 ('EUCILENE GONCALVES',NULL,'(72)252140346','eucilene.goncalves@yahoo.com.br','12'),
	 ('DELFINO LUIZ',NULL,'(89)197256109','delfino.luiz@outlook.com.br','9'),
	 ('ROSA MARIA',NULL,'(68)846600168','rosa.maria@google.com.br','4'),
	 ('ALEXANDRE ESCANHOELA',NULL,'(98)306808977','alexandre.escanhoela@yahoo.com.br','9'),
	 ('SUELI SUNIGA',NULL,'(46)157737853','sueli.suniga@outlook.com.br','7'),
	 ('ANA CRISTINA',NULL,'(94)305213303','ana.cristina@email.com.br','10'),
	 ('ROBERTO BLASBALG',NULL,'(86)244195884','roberto.blasbalg@google.com.br','7'),
	 ('HELIO DIAS',TIMESTAMP'1952-12-26 00:00:00','(35)341059669','helio.dias@terra.com.br','1'),
	 ('JOSEFINA MARTINS',TIMESTAMP'1950-02-08 00:00:00','(66)481412235','josefina.martins@terra.com.br','1'),
	 ('JANETE ALVES',NULL,'(76)688812427','janete.alves@yahoo.com.br','4'),
	 ('Juliano Cesar',TIMESTAMP'1979-02-17 00:00:00','(65)201809782','juliano.cesar@outlook.com.br','7'),
	 ('NILTON SAVIETO',NULL,'(59)493676193','nilton.savieto@outlook.com.br','3'),
	 ('PATRICIA KARLA',NULL,'(13)768602121','patricia.karla@yahoo.com.br','5'),
	 ('FABIO FRANCHINI',NULL,'(56)883523078','fabio.franchini@google.com.br','8'),
	 ('CARLOS A.',NULL,'(39)142772800','carlos.a.@email.com.br','3'),
	 ('ADILSON LIMA',NULL,'(44)930960240','adilson.lima@terra.com.br','4'),
	 ('RICARDO RODRIGUES',NULL,'(33)729143981','ricardo.rodrigues@email.com.br','10'),
	 ('TOMMASO ERCOLE',NULL,'(88)859337910','tommaso.ercole@yahoo.com.br','1'),
	 ('CARLOS BEZERRA',NULL,'(26)582530815','carlos.bezerra@google.com.br','7'),
	 ('PAULO TADEU',NULL,'(69)631780024','paulo.tadeu@yahoo.com.br','12'),
	 ('CRISTINA TERRIBAS',NULL,'(90)208318266','cristina.terribas@hotmail.com.br','11'),
	 ('JOSE AUGUSTO',NULL,'(23)809903532','jose.augusto@terra.com.br','13'),
	 ('MONICA GASPARINI',TIMESTAMP'1961-04-11 00:00:00','(52)995218068','monica.gasparini@outlook.com.br','2'),
	 ('JOSE PALMADA',NULL,'(61)623369375','jose.palmada@terra.com.br','12'),
	 ('LUIZ DANIEL',NULL,'(82)646179274','luiz.daniel@outlook.com.br','6'),
	 ('DECIO BURD',TIMESTAMP'1953-07-23 00:00:00','(35)237346103','decio.burd@outlook.com.br','3'),
	 ('ALEXANDRE HOMEM',TIMESTAMP'1966-06-16 00:00:00','(35)989535747','alexandre.homem@yahoo.com.br','3'),
	 ('DAISY PEREIRA',NULL,'(51)189165235','daisy.pereira@email.com.br','4'),
	 ('LILIANA PERUSSI',NULL,'(25)283645603','liliana.perussi@yahoo.com.br','7'),
	 ('HELENA ALVES',NULL,'(73)281545020','helena.alves@outlook.com.br','10'),
	 ('ROSELI DA',NULL,'(72)621939867','roseli.da@yahoo.com.br','7'),
	 ('SANDRA GERAB',TIMESTAMP'1962-02-15 00:00:00','(48)552149412','sandra.gerab@yahoo.com.br','13'),
	 ('MARCIA ALVES',NULL,'(23)364890068','marcia.alves@yahoo.com.br','13'),
	 ('VALQUIRIA DA',NULL,'(76)289308991','valquiria.da@google.com.br','3'),
	 ('ROGERIO NISTICO',NULL,'(20)695714749','rogerio.nistico@yahoo.com.br','8'),
	 ('MARCO ANTONIO',TIMESTAMP'1974-08-29 00:00:00','(89)101047910','marco.antonio@outlook.com.br','9'),
	 ('JANIO HENRIQUE',NULL,'(28)293015783','janio.henrique@terra.com.br','4'),
	 ('ROSA PARRA',TIMESTAMP'1955-06-26 00:00:00','(79)823889705','rosa.parra@terra.com.br','7'),
	 ('ODAIR DE',NULL,'(27)221763702','odair.de@yahoo.com.br','10'),
	 ('PAULA PAULA',NULL,'(68)240287354','paula.paula@outlook.com.br','6'),
	 ('MAURICIO HIROSHI',NULL,'(35)813368787','mauricio.hiroshi@google.com.br','3'),
	 ('CIDINHA CIDINHA',NULL,'(38)571787112','cidinha.cidinha@email.com.br','4'),
	 ('RENATO ROSSI',TIMESTAMP'1966-11-30 00:00:00','(87)980903651','renato.rossi@google.com.br','8'),
	 ('LUIZ S.RABELLO',NULL,'(28)500505745','luiz.s.rabello@email.com.br','12'),
	 ('JOSE ROBERTO',NULL,'(80)546339848','jose.roberto@hotmail.com.br','3'),
	 ('MARCIA PILIKIAN',NULL,'(37)549122338','marcia.pilikian@email.com.br','5'),
	 ('FABIO AUGUSTO',NULL,'(48)866249299','fabio.augusto@terra.com.br','6'),
	 ('MARCELO DI',NULL,'(43)352665210','marcelo.di@terra.com.br','6'),
	 ('EDINALDO CORREA',NULL,'(50)215036076','edinaldo.correa@hotmail.com.br','3'),
	 ('CARLOS EDUARDO',NULL,'(57)649293191','carlos.eduardo@yahoo.com.br','1'),
	 ('MARIA TEREZA',NULL,'(28)775085164','maria.tereza@yahoo.com.br','13'),
	 ('LUIZA ANDREIA',NULL,'(32)965541410','luiza.andreia@email.com.br','13'),
	 ('VALDIR MATTOS',NULL,'(66)688148945','valdir.mattos@yahoo.com.br','13'),
	 ('ELAINE CRISTINA',NULL,'(68)720013891','elaine.cristina@hotmail.com.br','10'),
	 ('RAMIRO TAVARES',NULL,'(67)808346335','ramiro.tavares@terra.com.br','9'),
	 ('IVAN RUFINI',NULL,'(81)116839158','ivan.rufini@hotmail.com.br','5'),
	 ('JOSE ROBERTO',NULL,'(20)927099469','jose.roberto@hotmail.com.br','10'),
	 ('MRCIA SAKAMOTO',TIMESTAMP'2011-01-01 00:00:00','(15)351694732','mrcia.sakamoto@yahoo.com.br','13'),
	 ('ELAINE CRISTINA',NULL,'(32)676599500','elaine.cristina@outlook.com.br','8'),
	 ('LUIZ ANTONIO',NULL,'(51)904358758','luiz.antonio@outlook.com.br','1'),
	 ('MARCOS BRAGA',TIMESTAMP'1968-12-30 00:00:00','(55)610968068','marcos.braga@email.com.br','1'),
	 ('MARGET A',NULL,'(96)420446237','marget.a@google.com.br','2'),
	 ('Luciano Monte',NULL,'(91)467365968','luciano.monte@yahoo.com.br','5'),
	 ('LUIZ ALBERTO',TIMESTAMP'1952-07-06 00:00:00','(66)625446099','luiz.alberto@email.com.br','4'),
	 ('EDISON LUIS',NULL,'(69)718044521','edison.luis@hotmail.com.br','4'),
	 ('CAETANO JOSE',NULL,'(32)419991295','caetano.jose@yahoo.com.br','12'),
	 ('MARIO GOMES',NULL,'(36)198472086','mario.gomes@terra.com.br','2'),
	 ('DARCI TEODORO',NULL,'(62)156576293','darci.teodoro@hotmail.com.br','2'),
	 ('ANTONIO BRITO',NULL,'(42)967207163','antonio.brito@hotmail.com.br','11'),
	 ('GABRIELA COUTINHO',TIMESTAMP'1982-07-15 00:00:00','(43)794584332','gabriela.coutinho@email.com.br','1'),
	 ('ANA TEREZA',NULL,'(39)703089103','ana.tereza@google.com.br','9'),
	 ('ODAIR GOMES',NULL,'(86)408117673','odair.gomes@outlook.com.br','12'),
	 ('TOMAZ BUONACCORSI',TIMESTAMP'1958-03-20 00:00:00','(39)918064293','tomaz.buonaccorsi@yahoo.com.br','10'),
	 ('JORGE ELOI',TIMESTAMP'1946-10-06 00:00:00','(32)351853913','jorge.eloi@yahoo.com.br','11'),
	 ('ANTONIO JOSE',NULL,'(70)890125490','antonio.jose@google.com.br','8'),
	 ('FLAVIO ANUNCIATO',NULL,'(47)889196330','flavio.anunciato@outlook.com.br','4'),
	 ('LUIZ GONZAGA',NULL,'(43)612690177','luiz.gonzaga@google.com.br','1'),
	 ('VALDEREZ HIPOLITO',NULL,'(42)823813436','valderez.hipolito@outlook.com.br','13'),
	 ('CLAUDIO BAGESTERO',NULL,'(42)795650586','claudio.bagestero@yahoo.com.br','2'),
	 ('CLAUDIO LUIZ',NULL,'(72)330684134','claudio.luiz@hotmail.com.br','9'),
	 ('NICOLA GUERRERA',NULL,'(12)440598167','nicola.guerrera@hotmail.com.br','11'),
	 ('CATIA ARAUJO',NULL,'(41)740122800','catia.araujo@yahoo.com.br','1'),
	 ('AMAURI PAULO',NULL,'(85)850156092','amauri.paulo@outlook.com.br','11'),
	 ('ADILSON CARLOS',NULL,'(68)699863475','adilson.carlos@outlook.com.br','10'),
	 ('JANIR CARDOSO',NULL,'(32)247134077','janir.cardoso@hotmail.com.br','3'),
	 ('CLAUDEMIR SANTOS',TIMESTAMP'0064-03-01 00:00:00','(23)647915557','claudemir.santos@yahoo.com.br','9'),
	 ('JOAO CARLOS',NULL,'(71)864754637','joao.carlos@hotmail.com.br','13'),
	 ('OTAVIANO ALVES',NULL,'(58)757424106','otaviano.alves@email.com.br','10'),
	 ('WAGNER CAETANO',NULL,'(33)959052819','wagner.caetano@email.com.br','10'),
	 ('CLAUDIO GONCALVES',TIMESTAMP'1974-08-20 00:00:00','(62)275880985','claudio.goncalves@outlook.com.br','3'),
	 ('CLAUDIA ROLEMBERG',TIMESTAMP'1965-07-28 00:00:00','(46)488601954','claudia.rolemberg@hotmail.com.br','1'),
	 ('SEBASTIAO APARECIDO',NULL,'(52)651200266','sebastiao.aparecido@hotmail.com.br','8'),
	 ('PAULO TENORIO',TIMESTAMP'1973-11-13 00:00:00','(93)709474713','paulo.tenorio@outlook.com.br','11'),
	 ('ANA ELISA',NULL,'(87)733397941','ana.elisa@outlook.com.br','10'),
	 ('RONAN ALOISIO',NULL,'(31)662250207','ronan.aloisio@hotmail.com.br','12'),
	 ('FELIPE TADEU',TIMESTAMP'1958-03-27 00:00:00','(49)431702189','felipe.tadeu@hotmail.com.br','2'),
	 ('DANIEL KANAREK',TIMESTAMP'1964-03-16 00:00:00','(80)739957641','daniel.kanarek@terra.com.br','4'),
	 ('Carlos Jos',TIMESTAMP'1965-11-18 00:00:00','(86)633470341','carlos.jos@yahoo.com.br','9'),
	 ('ARMANDO HAYASI',NULL,'(63)537074709','armando.hayasi@outlook.com.br','9'),
	 ('SERGIO C.DE',TIMESTAMP'1941-07-12 00:00:00','(30)645948371','sergio.c.de@outlook.com.br','9'),
	 ('PAULO ROBERTO',NULL,'(57)217825114','paulo.roberto@hotmail.com.br','6'),
	 ('RICARDO LUIZ',NULL,'(49)753709282','ricardo.luiz@email.com.br','7'),
	 ('LUIZ CARLOS',NULL,'(61)246956194','luiz.carlos@terra.com.br','1'),
	 ('RICARDO ALEXANDRE',TIMESTAMP'1966-08-08 00:00:00','(60)126182479','ricardo.alexandre@outlook.com.br','3'),
	 ('ALMIR ROSSIN',TIMESTAMP'2001-01-01 00:00:00','(23)417486338','almir.rossin@outlook.com.br','5'),
	 ('Jos Aparecido',TIMESTAMP'1967-05-10 00:00:00','(29)646633008','jos.aparecido@outlook.com.br','7'),
	 ('RONALDO CORSARO',NULL,'(25)592530609','ronaldo.corsaro@email.com.br','2'),
	 ('DOUGLAS PERES',TIMESTAMP'1981-08-20 00:00:00','(38)627860678','douglas.peres@outlook.com.br','10'),
	 ('VERA LUCIA',TIMESTAMP'1968-11-30 00:00:00','(77)613680837','vera.lucia@outlook.com.br','12'),
	 ('RICARDO COSTA',TIMESTAMP'1974-01-23 00:00:00','(19)210958896','ricardo.costa@terra.com.br','5'),
	 ('VINICIUS REIS',NULL,'(87)276181658','vinicius.reis@outlook.com.br','6'),
	 ('WALKER KARAKANIAN',NULL,'(65)300906465','walker.karakanian@yahoo.com.br','10'),
	 ('LUIZ FERNANDO',NULL,'(84)517893262','luiz.fernando@yahoo.com.br','6'),
	 ('JOSE ALEXANDRE',NULL,'(29)568229022','jose.alexandre@google.com.br','9'),
	 ('PATRICIA ALTAFFER',TIMESTAMP'1961-12-22 00:00:00','(70)328147207','patricia.altaffer@email.com.br','10'),
	 ('JOSE FRANCISCO',NULL,'(38)742978605','jose.francisco@outlook.com.br','5'),
	 ('NELSON NELSON',NULL,'(75)928526989','nelson.nelson@yahoo.com.br','9'),
	 ('ROGERIO FRANCISCO',NULL,'(24)904094881','rogerio.francisco@terra.com.br','1'),
	 ('MARISA EUGENIA',NULL,'(59)556876735','marisa.eugenia@hotmail.com.br','11'),
	 ('JOANA GELPI',NULL,'(84)166219206','joana.gelpi@outlook.com.br','1'),
	 ('DENIS ROBERTO',TIMESTAMP'1978-07-31 00:00:00','(12)470677501','denis.roberto@terra.com.br','7'),
	 ('TANIA MARIANO',NULL,'(20)521771049','tania.mariano@email.com.br','6'),
	 ('MARCO ANTONIO',NULL,'(83)790959256','marco.antonio@terra.com.br','6'),
	 ('RICARDO DE',NULL,'(84)839791400','ricardo.de@hotmail.com.br','8'),
	 ('Alexandro Garzo',TIMESTAMP'2018-06-28 00:00:00','(21)255200838','alexandro.garzo@google.com.br','11'),
	 ('VITOR MACHADO',NULL,'(21)453247870','vitor.machado@hotmail.com.br','6'),
	 ('WANDERLEI NAVARRO',TIMESTAMP'1956-07-04 00:00:00','(96)737778411','wanderlei.navarro@outlook.com.br','1'),
	 ('CATHARINA SCHWEITZER',NULL,'(63)477836568','catharina.schweitzer@hotmail.com.br','9'),
	 ('RICARDO TADEU',NULL,'(69)100355214','ricardo.tadeu@outlook.com.br','6'),
	 ('ILDA RODRIGUES',NULL,'(27)716019554','ilda.rodrigues@hotmail.com.br','8'),
	 ('GIUSEPPE STILLACCI',NULL,'(71)573772320','giuseppe.stillacci@google.com.br','13'),
	 ('ANTONIO CARLOS',TIMESTAMP'2012-01-01 00:00:00','(73)334457423','antonio.carlos@terra.com.br','9'),
	 ('ALEXANDRE SILVA',TIMESTAMP'1974-01-21 00:00:00','(70)859071299','alexandre.silva@terra.com.br','13'),
	 ('NOME NOME',NULL,'(52)122585390','nome.nome@email.com.br','13'),
	 ('ADALBERTO DE',NULL,'(21)789611821','adalberto.de@terra.com.br','10'),
	 ('MAURICIO MAURICIO',NULL,'(89)222250181','mauricio.mauricio@google.com.br','7'),
	 ('HYGINO SILVA',NULL,'(78)900633380','hygino.silva@hotmail.com.br','1'),
	 ('ANA MARIA',NULL,'(55)523699692','ana.maria@outlook.com.br','11'),
	 ('Andre Kisil',TIMESTAMP'1976-01-02 00:00:00','(72)236298371','andre.kisil@hotmail.com.br','11'),
	 ('SATYRO EDUARDO',NULL,'(68)442793368','satyro.eduardo@google.com.br','9'),
	 ('OTVIO GALI',NULL,'(59)869227496','otvio.gali@yahoo.com.br','1'),
	 ('ANA ANA',NULL,'(50)171228767','ana.ana@hotmail.com.br','11'),
	 ('ROSE MARIA',NULL,'(78)854144611','rose.maria@google.com.br','1'),
	 ('CANDIDO MARTINS',NULL,'(83)903020040','candido.martins@google.com.br','6'),
	 ('VERA VERA',NULL,'(47)904617183','vera.vera@google.com.br','3'),
	 ('CASSIO APARECIDO',NULL,'(75)813040251','cassio.aparecido@email.com.br','5'),
	 ('ANTONIO PEREIRA',TIMESTAMP'1954-09-16 00:00:00','(98)428990704','antonio.pereira@hotmail.com.br','2'),
	 ('PATRICIA BIO',NULL,'(46)495945214','patricia.bio@terra.com.br','9'),
	 ('JOAO LUIZ',NULL,'(65)604710232','joao.luiz@hotmail.com.br','5'),
	 ('RAQUEL KELLI',NULL,'(29)817184109','raquel.kelli@outlook.com.br','7'),
	 ('JOSEILDA LUCENA',NULL,'(75)952838693','joseilda.lucena@google.com.br','5'),
	 ('SILVIA M.',TIMESTAMP'1970-01-19 00:00:00','(42)293133781','silvia.m.@outlook.com.br','2'),
	 ('MARIA ANGELA',NULL,'(15)797639110','maria.angela@google.com.br','5'),
	 ('FREDERICO TROMBOTTO',NULL,'(26)569177238','frederico.trombotto@google.com.br','8'),
	 ('GLAURO BELLINTANI',TIMESTAMP'1964-11-18 00:00:00','(30)794090132','glauro.bellintani@outlook.com.br','12'),
	 ('EDSON MARCIO',NULL,'(56)378014912','edson.marcio@email.com.br','6'),
	 ('ALEXANDRE SOUZA',NULL,'(46)892650830','alexandre.souza@email.com.br','1'),
	 ('MARIO RESCHINI',NULL,'(71)391051213','mario.reschini@yahoo.com.br','2'),
	 ('CARLOS AUGUSTO',NULL,'(85)192810468','carlos.augusto@terra.com.br','2'),
	 ('SIDNEY VINAGRE',NULL,'(11)757567160','sidney.vinagre@email.com.br','1'),
	 ('PAULO ROBERTO',TIMESTAMP'1957-11-09 00:00:00','(23)850013323','paulo.roberto@terra.com.br','8'),
	 ('ANABEL CRISTIANE',TIMESTAMP'2001-01-01 00:00:00','(95)699939751','anabel.cristiane@outlook.com.br','11'),
	 ('RENATO CORDANI',NULL,'(40)945540914','renato.cordani@outlook.com.br','10'),
	 ('RICARDO FINO',NULL,'(20)760519629','ricardo.fino@yahoo.com.br','2'),
	 ('JOSE VALDSON',NULL,'(83)547431284','jose.valdson@email.com.br','1'),
	 ('FABIO CARDOSO',NULL,'(58)327077845','fabio.cardoso@outlook.com.br','12'),
	 ('MARCELO SOARES',NULL,'(88)642362803','marcelo.soares@email.com.br','3'),
	 ('SRGIO SRGIO',NULL,'(33)572327901','srgio.srgio@terra.com.br','5'),
	 ('SONIA REGINA',NULL,'(64)714122460','sonia.regina@email.com.br','7'),
	 ('ANDRE TING',NULL,'(96)710111259','andre.ting@outlook.com.br','10'),
	 ('HENRIQUE GUTERMAN',NULL,'(83)630217146','henrique.guterman@hotmail.com.br','11'),
	 ('LUIZ CHOITI',TIMESTAMP'1944-11-16 00:00:00','(16)922170094','luiz.choiti@outlook.com.br','9'),
	 ('SERGIO AUGUSTO',NULL,'(63)919607312','sergio.augusto@google.com.br','8'),
	 ('ANDR LUIZ',TIMESTAMP'1977-08-16 00:00:00','(97)776992150','andr.luiz@yahoo.com.br','1'),
	 ('HELEN FAKHR',NULL,'(49)983774043','helen.fakhr@hotmail.com.br','3'),
	 ('HELEN HELEN',NULL,'(27)826029622','helen.helen@outlook.com.br','13'),
	 ('CELIA CONCEICAO',NULL,'(65)652843391','celia.conceicao@outlook.com.br','2'),
	 ('ANDRE. ANDRE',NULL,'(47)235951744','andre..andre@yahoo.com.br','9'),
	 ('ESP. NELSON',NULL,'(18)218230998','esp..nelson@yahoo.com.br','8'),
	 ('ALBERTO HENRIQUE',NULL,'(25)575379090','alberto.henrique@terra.com.br','7'),
	 ('SIRLENE APARECIDA',NULL,'(56)662539995','sirlene.aparecida@hotmail.com.br','4'),
	 ('JUSSARA ',NULL,'(35)563161277','jussara.silva@email.com.br','1'),
	 ('ANTONIO AUGUSTO',TIMESTAMP'1957-09-21 00:00:00','(69)270233130','antonio.augusto@hotmail.com.br','3'),
	 ('MARIA DAS',NULL,'(53)487769417','maria.das@hotmail.com.br','6'),
	 ('LUIS FERNANDO',NULL,'(28)985350985','luis.fernando@yahoo.com.br','7'),
	 ('EDUARDO EDUARDO',TIMESTAMP'2017-01-30 00:00:00','(16)214104586','eduardo.eduardo@outlook.com.br','9'),
	 ('CLAUDIO TOSHIO',NULL,'(14)994127793','claudio.toshio@google.com.br','2'),
	 ('GUSTAVO ',NULL,'(35)535973506','gustavo.silva@email.com.br','13'),
	 ('LUCIANO COSTA',NULL,'(64)535586716','luciano.costa@email.com.br','7'),
	 ('NEWTON JOSE',TIMESTAMP'1950-10-04 00:00:00','(39)623832954','newton.jose@yahoo.com.br','4'),
	 ('VANESSA AZZALIN',TIMESTAMP'1974-05-11 00:00:00','(81)917112655','vanessa.azzalin@outlook.com.br','12'),
	 ('MIRIAM GOUVEA',TIMESTAMP'1949-01-22 00:00:00','(62)571847087','miriam.gouvea@google.com.br','4'),
	 ('VERA LUIZA',TIMESTAMP'1958-10-29 00:00:00','(21)750883922','vera.luiza@google.com.br','3'),
	 ('CARLA MARIA',NULL,'(68)887943518','carla.maria@google.com.br','8'),
	 ('CECILIA MIYATA',NULL,'(65)878481551','cecilia.miyata@email.com.br','8'),
	 ('ANTONIO GOMES',NULL,'(98)889698144','antonio.gomes@yahoo.com.br','4'),
	 ('MARIA ROSIMEIRE',NULL,'(70)227419548','maria.rosimeire@terra.com.br','11'),
	 ('CARLOS ALBERTO',NULL,'(12)679942445','carlos.alberto@hotmail.com.br','1'),
	 ('MARCIO SERGIO',TIMESTAMP'2008-09-29 00:00:00','(89)211932872','marcio.sergio@email.com.br','9'),
	 ('MARCIA MARIA',NULL,'(68)468163073','marcia.maria@yahoo.com.br','3'),
	 ('ANTONIO MARCOS',NULL,'(74)284072441','antonio.marcos@email.com.br','13'),
	 ('NELSON CERQUEIRA',NULL,'(42)696352248','nelson.cerqueira@terra.com.br','3'),
	 ('CARLOS HENRIQUE',TIMESTAMP'1950-01-01 00:00:00','(41)848538613','carlos.henrique@google.com.br','5'),
	 ('LUCAS CASTAGNA',TIMESTAMP'1953-11-10 00:00:00','(51)970209240','lucas.castagna@terra.com.br','7'),
	 ('FLAVIO MATHIAS',NULL,'(15)895186037','flavio.mathias@hotmail.com.br','8'),
	 ('JORGE WASHINGTON',TIMESTAMP'2016-01-05 00:00:00','(25)836951399','jorge.washington@outlook.com.br','1'),
	 ('DIVINO GOMES',NULL,'(85)486931081','divino.gomes@yahoo.com.br','4'),
	 ('MARIA DO',TIMESTAMP'1953-05-07 00:00:00','(36)227180672','maria.do@hotmail.com.br','5'),
	 ('HELENA ELISABETH',NULL,'(17)786545084','helena.elisabeth@email.com.br','5'),
	 ('ROGERIO CABRAL',NULL,'(58)544980507','rogerio.cabral@email.com.br','1'),
	 ('PAULO SPINA',NULL,'(96)695089034','paulo.spina@google.com.br','7'),
	 ('ALICIA JESUS',TIMESTAMP'1969-06-18 00:00:00','(64)357185431','alicia.jesus@email.com.br','13'),
	 ('VICTOR BERNARDO',NULL,'(11)161077067','victor.bernardo@outlook.com.br','11'),
	 ('EDVAL LICERRE',NULL,'(31)345445183','edval.licerre@google.com.br','8'),
	 ('PAULO ALBERTO',NULL,'(66)330475515','paulo.alberto@outlook.com.br','9'),
	 ('VALDEVIR PEREIRA',NULL,'(81)295383405','valdevir.pereira@terra.com.br','6'),
	 ('MARCOS ROBERTO',TIMESTAMP'1971-08-05 00:00:00','(63)566825222','marcos.roberto@hotmail.com.br','13'),
	 ('JOAO CORREA',NULL,'(51)148962802','joao.correa@email.com.br','1'),
	 ('MARIA MARIA',NULL,'(58)845761030','maria.maria@google.com.br','11'),
	 ('ALEXANDRE... ALEXANDRE...',NULL,'(20)801879458','alexandre....alexandre...@yahoo.com.br','12'),
	 ('EDGARD DE',NULL,'(54)206379326','edgard.de@google.com.br','7'),
	 ('JOSE ARTUR',TIMESTAMP'1945-06-12 00:00:00','(47)888694655','jose.artur@yahoo.com.br','10'),
	 ('MANOEL DA',NULL,'(12)760836489','manoel.da@google.com.br','5'),
	 ('RAFAEL LORENZO',TIMESTAMP'1968-03-01 00:00:00','(73)151853715','rafael.lorenzo@email.com.br','8'),
	 ('CARMELLO LIBERATO',TIMESTAMP'1928-02-15 00:00:00','(26)825034968','carmello.liberato@email.com.br','1'),
	 ('ALEXANDRE DA',TIMESTAMP'1972-10-06 00:00:00','(40)983817913','alexandre.da@yahoo.com.br','8'),
	 ('JOAQUIM EDIR',NULL,'(89)377623551','joaquim.edir@terra.com.br','5'),
	 ('RENATO STATONATO',TIMESTAMP'1970-09-19 00:00:00','(15)200507404','renato.statonato@email.com.br','2'),
	 ('FBIO LUIS',NULL,'(43)430466833','fbio.luis@google.com.br','3'),
	 ('CATIA CANDIDO',NULL,'(19)514169363','catia.candido@google.com.br','8'),
	 ('MARCELO ORNAGHI',NULL,'(33)714452928','marcelo.ornaghi@email.com.br','3'),
	 ('MARCO ANTONIO',NULL,'(20)945294863','marco.antonio@terra.com.br','10'),
	 ('ROGRIO ROGRIO',NULL,'(66)585171981','rogrio.rogrio@yahoo.com.br','6'),
	 ('ANA ANA',NULL,'(78)920527694','ana.ana@email.com.br','6'),
	 ('VANDERSON DE',NULL,'(48)752858989','vanderson.de@yahoo.com.br','7'),
	 ('VAMBERTO BATISTA',TIMESTAMP'1965-12-29 00:00:00','(97)387272243','vamberto.batista@yahoo.com.br','6'),
	 ('CARLOS ALBERTO',NULL,'(19)244320119','carlos.alberto@terra.com.br','11'),
	 ('WALDEMAR FERNANDES',NULL,'(56)606690158','waldemar.fernandes@outlook.com.br','6'),
	 ('SYDNEY JOSE',NULL,'(53)833879781','sydney.jose@outlook.com.br','6'),
	 ('FREDHIDEKI AKIYAMA',NULL,'(92)599018447','fredhideki.akiyama@outlook.com.br','7'),
	 ('ERIK ERIK',NULL,'(85)506965089','erik.erik@hotmail.com.br','11'),
	 ('MARA LUCIA',NULL,'(13)845093910','mara.lucia@terra.com.br','11'),
	 ('JACQUELINE ISHIDA',TIMESTAMP'1989-07-26 00:00:00','(19)101717064','jacqueline.ishida@hotmail.com.br','2'),
	 ('EDSON. EDSON.',NULL,'(79)962748968','edson..edson.@google.com.br','5'),
	 ('ANTONIO RAFAEL',NULL,'(85)914906906','antonio.rafael@yahoo.com.br','9'),
	 ('ADELAIDE PIUBEL',NULL,'(55)794678392','adelaide.piubel@google.com.br','2'),
	 ('RITA DE',NULL,'(42)188177761','rita.de@yahoo.com.br','9'),
	 ('LUIZ CARLOS',TIMESTAMP'1961-08-11 00:00:00','(52)716913005','luiz.carlos@yahoo.com.br','4'),
	 ('ANDREIA RODRIGUES',TIMESTAMP'1970-04-07 00:00:00','(26)660008748','andreia.rodrigues@outlook.com.br','1'),
	 ('JAIR RODRIGUES',NULL,'(23)426427107','jair.rodrigues@outlook.com.br','3'),
	 ('ROSANA COELHO',NULL,'(25)321851373','rosana.coelho@yahoo.com.br','4'),
	 ('CLAUDIO MANTOVANI',TIMESTAMP'1974-05-20 00:00:00','(56)269125905','claudio.mantovani@hotmail.com.br','5'),
	 ('NELSON GILBERTO',NULL,'(74)300890741','nelson.gilberto@google.com.br','6'),
	 ('JOSE ADELINO',NULL,'(39)491348619','jose.adelino@terra.com.br','3'),
	 ('EDUARDO CONRADO',NULL,'(59)706786192','eduardo.conrado@email.com.br','7'),
	 ('ANDREA CRISTINA',NULL,'(56)506338264','andrea.cristina@google.com.br','4'),
	 ('FBIO HENRIQUE',TIMESTAMP'1979-04-22 00:00:00','(65)969081795','fbio.henrique@google.com.br','13'),
	 ('MANUEL SANCHEZ',NULL,'(39)280712907','manuel.sanchez@terra.com.br','1'),
	 ('CELIO CASTANHA',NULL,'(24)877717737','celio.castanha@yahoo.com.br','1'),
	 ('JOSE ANTONIO',TIMESTAMP'1968-11-10 00:00:00','(95)950306314','jose.antonio@email.com.br','1'),
	 ('SANDRA SANDRA',NULL,'(39)981054168','sandra.sandra@google.com.br','11'),
	 ('RENATA DELMANTO',NULL,'(21)620398343','renata.delmanto@email.com.br','10'),
	 ('Roberto Silva',NULL,'(37)800804687','roberto.silva@terra.com.br','9'),
	 ('Katia Teixeira',TIMESTAMP'2015-02-13 00:00:00','(82)342389295','katia.teixeira@email.com.br','11'),
	 ('Elaine Sargi',TIMESTAMP'2015-09-02 00:00:00','(29)981239382','elaine.sargi@outlook.com.br','11'),
	 ('LUCIMARA RIBEIRO',NULL,'(45)402135198','lucimara.ribeiro@email.com.br','12'),
	 ('Simone Leite',NULL,'(18)108108635','simone.leite@email.com.br','4'),
	 ('Francisco Macoggi',TIMESTAMP'1951-02-14 00:00:00','(44)196462845','francisco.macoggi@outlook.com.br','12'),
	 ('RENATA CHECHI',NULL,'(68)643740124','renata.chechi@outlook.com.br','9'),
	 ('ISILDA CARDOSO',NULL,'(13)596301840','isilda.cardoso@yahoo.com.br','12'),
	 ('Jose Maria',NULL,'(76)634335688','jose.maria@terra.com.br','2'),
	 ('Angelica Delgado',NULL,'(52)111373241','angelica.delgado@hotmail.com.br','5'),
	 ('Carlos Henrique',TIMESTAMP'1971-07-20 00:00:00','(85)235576734','carlos.henrique@yahoo.com.br','5'),
	 ('ANTONIO SALVI',NULL,'(35)811616026','antonio.salvi@yahoo.com.br','6'),
	 ('EDSON THOMAZ',NULL,'(97)598429907','edson.thomaz@google.com.br','7'),
	 ('FABIANA XAVIER',NULL,'(71)778331460','fabiana.xavier@terra.com.br','13'),
	 ('ALEXANDRO NOBRE',NULL,'(44)804642630','alexandro.nobre@outlook.com.br','11'),
	 ('MARISE ZANETTI',NULL,'(83)515895889','marise.zanetti@hotmail.com.br','13'),
	 ('Nelson Eduardo',TIMESTAMP'1980-01-01 00:00:00','(61)829453284','nelson.eduardo@yahoo.com.br','12'),
	 ('Rosemeire Fuster',TIMESTAMP'1968-06-06 00:00:00','(41)215644409','rosemeire.fuster@outlook.com.br','13'),
	 ('ROGERIO TOLEDO',NULL,'(25)382561311','rogerio.toledo@terra.com.br','9'),
	 ('HELIO JOSE',NULL,'(90)303069175','helio.jose@outlook.com.br','9'),
	 ('ALESSANDRA AGOSTINHO',NULL,'(24)424568350','alessandra.agostinho@google.com.br','10'),
	 ('ADRIANO AOKI',NULL,'(37)637295120','adriano.aoki@yahoo.com.br','2'),
	 ('Eliane Videira',NULL,'(44)892822452','eliane.videira@yahoo.com.br','4'),
	 ('RICARDO ARCOS',NULL,'(52)548856982','ricardo.arcos@outlook.com.br','6'),
	 ('SIMONE BENTO',NULL,'(95)860596014','simone.bento@outlook.com.br','9'),
	 ('IEDA MARIA',NULL,'(91)266619845','ieda.maria@email.com.br','2'),
	 ('RENE VAVASSORI',NULL,'(87)741888375','rene.vavassori@google.com.br','8'),
	 ('Margarete Soares',NULL,'(97)891066621','margarete.soares@terra.com.br','8'),
	 ('MARIA DAS',NULL,'(23)484826722','maria.das@terra.com.br','2'),
	 ('Cristina Keiko',NULL,'(16)619439813','cristina.keiko@google.com.br','13'),
	 ('RICARDO LUIZ',NULL,'(71)962000088','ricardo.luiz@google.com.br','11'),
	 ('CELSO SAFFIOTTE',NULL,'(66)601747527','celso.saffiotte@email.com.br','2'),
	 ('CLAUDIO DE',NULL,'(24)857728379','claudio.de@outlook.com.br','11'),
	 ('LUIZ GONZAGA',NULL,'(47)657130921','luiz.gonzaga@hotmail.com.br','1'),
	 ('MARCELO AUGUSTO',NULL,'(17)364198116','marcelo.augusto@outlook.com.br','4'),
	 ('JEAN ROBERT',NULL,'(52)514794533','jean.robert@hotmail.com.br','7'),
	 ('JORGE INADA',TIMESTAMP'1949-09-03 00:00:00','(38)584543212','jorge.inada@email.com.br','7'),
	 ('LARA URIEN',NULL,'(17)463762057','lara.urien@email.com.br','9'),
	 ('LYDIA MIGLIANO',NULL,'(81)421318484','lydia.migliano@email.com.br','8'),
	 ('MOEMA JULIA',NULL,'(76)717340380','moema.julia@outlook.com.br','1'),
	 ('OSVALDO COLLADO',NULL,'(59)504059413','osvaldo.collado@email.com.br','6'),
	 ('RENATA CIAMPI',NULL,'(54)441489816','renata.ciampi@terra.com.br','3'),
	 ('JOSE FLEISCHMANN',TIMESTAMP'2008-09-06 00:00:00','(74)871637640','jose.fleischmann@email.com.br','7'),
	 ('WILSON DEVIDE',NULL,'(14)776397093','wilson.devide@email.com.br','13'),
	 ('DANIEL PASTRI',TIMESTAMP'1989-10-19 00:00:00','(54)609852135','daniel.pastri@email.com.br','10'),
	 ('FELIPE LASKANI',NULL,'(95)741183381','felipe.laskani@hotmail.com.br','13'),
	 ('RICARDO NOGUEIRA',NULL,'(28)766773928','ricardo.nogueira@email.com.br','2'),
	 ('JOSE CARUSO',NULL,'(37)151414909','jose.caruso@google.com.br','9'),
	 ('AMALIA IZABEL',NULL,'(76)728817231','amalia.izabel@hotmail.com.br','13'),
	 ('ROSANGELA FATIMA',NULL,'(84)311022240','rosangela.fatima@hotmail.com.br','1'),
	 ('DOUGLAS ANTONGIOVANNI',NULL,'(45)844476156','douglas.antongiovanni@google.com.br','2'),
	 ('TERESINHA DE',NULL,'(24)851828278','teresinha.de@terra.com.br','4'),
	 ('ARNALDO MATELLI',NULL,'(92)827965239','arnaldo.matelli@outlook.com.br','10'),
	 ('VERA LUCIA',NULL,'(46)137584714','vera.lucia@yahoo.com.br','10'),
	 ('WALDIR DOS',NULL,'(27)787380508','waldir.dos@terra.com.br','11'),
	 ('LORETA RAMOS',NULL,'(49)657185898','loreta.ramos@yahoo.com.br','7'),
	 ('JOAO LUIS',NULL,'(59)176481974','joao.luis@terra.com.br','12'),
	 ('EDISON ROBERTO',NULL,'(97)286599702','edison.roberto@google.com.br','12'),
	 ('ADALIA C.',NULL,'(45)483250609','adalia.c.@hotmail.com.br','2'),
	 ('CHEN HOI',NULL,'(59)483251821','chen.hoi@outlook.com.br','2'),
	 ('JULIO CEZAR',NULL,'(59)651661156','julio.cezar@yahoo.com.br','10'),
	 ('Renato Vial',TIMESTAMP'2015-06-25 00:00:00','(19)137211780','renato.vial@email.com.br','13'),
	 ('ELLON MESTRE',TIMESTAMP'1980-07-07 00:00:00','(51)296269649','ellon.mestre@hotmail.com.br','4'),
	 ('VALMIR FERREIRA',NULL,'(86)625598199','valmir.ferreira@email.com.br','13'),
	 ('WINDSOR ESPENSER',TIMESTAMP'1957-08-06 00:00:00','(91)620124936','windsor.espenser@yahoo.com.br','2'),
	 ('CLEBER CLEBER',NULL,'(14)713829602','cleber.cleber@outlook.com.br','5'),
	 ('ANDREA ANGLICO',NULL,'(31)159889356','andrea.anglico@hotmail.com.br','13'),
	 ('CARLA BERGMANN',NULL,'(52)324794819','carla.bergmann@yahoo.com.br','10'),
	 ('CRISTAL PARK',NULL,'(44)461079407','cristal.park@terra.com.br','7'),
	 ('VIRGINIA GARDENS',NULL,'(69)306478296','virginia.gardens@email.com.br','1'),
	 ('NEW YORK',NULL,'(37)357340176','new.york@google.com.br','11'),
	 ('CRISTAL PARKII',NULL,'(80)570555315','cristal.parkii@yahoo.com.br','4'),
	 ('CITY PARK',NULL,'(11)828379181','city.park@outlook.com.br','8'),
	 ('OCEAN PARK',NULL,'(20)506756403','ocean.park@email.com.br','11'),
	 ('VILLAGIO DI',NULL,'(70)711479052','villagio.di@terra.com.br','8'),
	 ('VILLAGGIO DI',NULL,'(36)333618213','villaggio.di@hotmail.com.br','11'),
	 ('EDMIR SIQUEIRA',NULL,'(65)354892051','edmir.siqueira@hotmail.com.br','7'),
	 ('JOESI PATRICIO',NULL,'(82)900329628','joesi.patricio@yahoo.com.br','3'),
	 ('ANA PAULA',NULL,'(87)232757621','ana.paula@yahoo.com.br','11'),
	 ('MIEKO USUDA',TIMESTAMP'1952-04-13 00:00:00','(29)131223447','mieko.usuda@terra.com.br','4'),
	 ('SIDNEY APARECIDO',NULL,'(88)172792924','sidney.aparecido@terra.com.br','8'),
	 ('RODOLFO RODOLFO',NULL,'(72)384597506','rodolfo.rodolfo@terra.com.br','1'),
	 ('LUIZ AUGUSTO',NULL,'(18)240194409','luiz.augusto@google.com.br','13'),
	 ('HENRIQUE MARTINELLI',NULL,'(54)161036630','henrique.martinelli@yahoo.com.br','12'),
	 ('DIEGO ',NULL,'(61)970801200','diego.silva@email.com.br','8'),
	 ('AFONSO QUINTA',NULL,'(47)832648224','afonso.quinta@terra.com.br','12'),
	 ('MOACIR NASTE',NULL,'(95)316453190','moacir.naste@email.com.br','5'),
	 ('EDVAL DE',NULL,'(53)156501736','edval.de@google.com.br','8'),
	 ('CARLOS EDUARDO',NULL,'(77)267505562','carlos.eduardo@google.com.br','13'),
	 ('SRGIO DUARTE',NULL,'(61)276190920','srgio.duarte@yahoo.com.br','10'),
	 ('NANCI APARECIDA',TIMESTAMP'1967-04-19 00:00:00','(49)922833936','nanci.aparecida@email.com.br','4'),
	 ('FERNANDA DA',TIMESTAMP'1977-08-27 00:00:00','(95)845180362','fernanda.da@google.com.br','6'),
	 ('ANTONIO ',NULL,'(21)401439258','antonio.silva@email.com.br','9'),
	 ('ANTONIO CARLOS',NULL,'(85)229781518','antonio.carlos@google.com.br','11'),
	 ('CARLOS HENRIQUE',TIMESTAMP'1980-04-01 00:00:00','(39)965040596','carlos.henrique@yahoo.com.br','3'),
	 ('GISLAINE REGINA',NULL,'(44)592073952','gislaine.regina@terra.com.br','11'),
	 ('Francisco Jos',TIMESTAMP'1960-11-25 00:00:00','(41)319494634','francisco.jos@yahoo.com.br','1'),
	 ('ROBERTO FREITAS',TIMESTAMP'1972-11-08 00:00:00','(34)777723610','roberto.freitas@terra.com.br','1'),
	 ('MARCIA FONSECA',NULL,'(88)837243394','marcia.fonseca@yahoo.com.br','5'),
	 ('Francisco Fernando',NULL,'(67)692806618','francisco.fernando@outlook.com.br','1'),
	 ('SUELI DE',NULL,'(61)876965813','sueli.de@yahoo.com.br','5'),
	 ('CLAUDIA CRISTINA',NULL,'(29)215978478','claudia.cristina@email.com.br','2'),
	 ('Marcos Roberto',NULL,'(23)127138430','marcos.roberto@outlook.com.br','13'),
	 ('CARLOS ALBERTO',NULL,'(76)556242821','carlos.alberto@terra.com.br','11'),
	 ('ZELANDIA OLIVEIRA',NULL,'(24)468972203','zelandia.oliveira@email.com.br','3'),
	 ('Luciene Maral',TIMESTAMP'1978-05-04 00:00:00','(62)783818639','luciene.maral@email.com.br','13'),
	 ('MARCIA CRISTINA',NULL,'(24)411347693','marcia.cristina@yahoo.com.br','7'),
	 ('ISAURA TSCHANZ',NULL,'(81)465970060','isaura.tschanz@yahoo.com.br','12'),
	 ('ELISABETE THEONI',NULL,'(83)836120514','elisabete.theoni@terra.com.br','8'),
	 ('ANGELA MARIA',NULL,'(70)999635627','angela.maria@yahoo.com.br','7'),
	 ('PATRICIA TORRES',NULL,'(35)213051005','patricia.torres@google.com.br','1'),
	 ('Rubenia Maria',NULL,'(33)246746159','rubenia.maria@hotmail.com.br','1'),
	 ('DAIANA GOMES',NULL,'(31)346932647','daiana.gomes@terra.com.br','3'),
	 ('Monica Figueiredo',TIMESTAMP'1979-03-26 00:00:00','(47)767554030','monica.figueiredo@google.com.br','10'),
	 ('DEBORA PEREIRA',NULL,'(29)924257276','debora.pereira@hotmail.com.br','1'),
	 ('Maria Madalena',NULL,'(58)363325365','maria.madalena@yahoo.com.br','13'),
	 ('WILLIAN FARIAS',NULL,'(85)734471501','willian.farias@terra.com.br','6'),
	 ('SERGIO SABORIDO',NULL,'(55)517086489','sergio.saborido@outlook.com.br','6'),
	 ('Silvia Luzia',TIMESTAMP'1980-01-01 00:00:00','(58)448112435','silvia.luzia@outlook.com.br','11'),
	 ('Eduardo Esteves',TIMESTAMP'2015-07-22 00:00:00','(92)307121150','eduardo.esteves@google.com.br','5'),
	 ('LUCELY PRESTES',NULL,'(65)618366082','lucely.prestes@hotmail.com.br','3'),
	 ('Magda Arten',TIMESTAMP'1980-01-01 00:00:00','(24)975990558','magda.arten@terra.com.br','1'),
	 ('AMANDA BONIZZIA',NULL,'(75)414934387','amanda.bonizzia@terra.com.br','3'),
	 ('ANTONIO CARLOS',NULL,'(36)911005188','antonio.carlos@email.com.br','2'),
	 ('ELCIO LUIS',TIMESTAMP'2016-07-16 00:00:00','(84)604324660','elcio.luis@email.com.br','10'),
	 ('Cynthia Goulart',NULL,'(66)153137686','cynthia.goulart@email.com.br','10'),
	 ('Jose Antonio',NULL,'(69)834931247','jose.antonio@google.com.br','5'),
	 ('LUIZ HENRIQUE',NULL,'(96)195047261','luiz.henrique@google.com.br','11'),
	 ('Regiane Pereira',NULL,'(54)585984610','regiane.pereira@outlook.com.br','9'),
	 ('JESHER MIOTTO',NULL,'(34)644370325','jesher.miotto@google.com.br','8'),
	 ('KATIA REGINA',NULL,'(15)222951356','katia.regina@terra.com.br','11'),
	 ('MARCELO FERNANDES',NULL,'(43)757831268','marcelo.fernandes@terra.com.br','5'),
	 ('VLADIMIR NASCIMENTO',TIMESTAMP'1960-09-26 00:00:00','(94)685895962','vladimir.nascimento@terra.com.br','8'),
	 ('MARINO FELICIAN',NULL,'(36)558083017','marino.felician@google.com.br','4'),
	 ('MERCEDES BATISTA',NULL,'(45)800035794','mercedes.batista@terra.com.br','2'),
	 ('REGINA PROENCA',NULL,'(17)765187024','regina.proenca@yahoo.com.br','3'),
	 ('JABEL PEDROSA',NULL,'(89)844338682','jabel.pedrosa@yahoo.com.br','8'),
	 ('PLABO MOREIRA',NULL,'(55)519671195','plabo.moreira@hotmail.com.br','12'),
	 ('JAIR EDSON',TIMESTAMP'1954-05-27 00:00:00','(72)148128004','jair.edson@terra.com.br','13'),
	 ('ALEXANDRE DOI',NULL,'(80)123778991','alexandre.doi@google.com.br','8'),
	 ('PAULO CESAR',NULL,'(52)704318259','paulo.cesar@yahoo.com.br','4'),
	 ('LORENZ WILLI',NULL,'(65)334610415','lorenz.willi@google.com.br','12'),
	 ('LUIZ CARLOS',TIMESTAMP'1963-04-02 00:00:00','(38)814488245','luiz.carlos@hotmail.com.br','5'),
	 ('ANTONIO CARLOS',NULL,'(41)881786257','antonio.carlos@hotmail.com.br','13'),
	 ('MARIA DA',NULL,'(95)571791877','maria.da@email.com.br','12'),
	 ('Bruno Sandeville',TIMESTAMP'1988-12-15 00:00:00','(28)332382392','bruno.sandeville@outlook.com.br','9'),
	 ('PAULO FORTES',NULL,'(72)255399618','paulo.fortes@terra.com.br','2'),
	 ('EDELSON RIBEIRO',NULL,'(58)350921582','edelson.ribeiro@yahoo.com.br','12'),
	 ('SIRLAINE GUANDALINI',NULL,'(50)507990962','sirlaine.guandalini@email.com.br','10'),
	 ('MARCO ANTONIO',NULL,'(98)976833038','marco.antonio@google.com.br','3'),
	 ('LUCIANO DOS',NULL,'(65)729145509','luciano.dos@yahoo.com.br','12'),
	 ('TATIANA NAVARRO',TIMESTAMP'1976-02-25 00:00:00','(40)560166637','tatiana.navarro@hotmail.com.br','9'),
	 ('ROBERTO KOJI',NULL,'(61)929800692','roberto.koji@yahoo.com.br','13'),
	 ('CELSO MONZANI',TIMESTAMP'1953-12-30 00:00:00','(36)444258637','celso.monzani@outlook.com.br','3'),
	 ('ARQUIMEDES CARDOSO',NULL,'(85)487909283','arquimedes.cardoso@email.com.br','2'),
	 ('LUIS CARLOS',NULL,'(58)100726876','luis.carlos@hotmail.com.br','10'),
	 ('LUIS TADEU',TIMESTAMP'1957-05-12 00:00:00','(32)266805202','luis.tadeu@google.com.br','5'),
	 ('ROBSON CALIL',NULL,'(85)925559734','robson.calil@google.com.br','8'),
	 ('DANTE DANTE',NULL,'(30)333747031','dante.dante@hotmail.com.br','7'),
	 ('WANDERLEY PATROCINIO',NULL,'(78)173727402','wanderley.patrocinio@outlook.com.br','4'),
	 ('JORGE. JORGE.',NULL,'(19)461713297','jorge..jorge.@google.com.br','11'),
	 ('FRANCISCO VALBERTO',NULL,'(69)228002898','francisco.valberto@google.com.br','4'),
	 ('LUCIANE C.',NULL,'(88)749295106','luciane.c.@yahoo.com.br','8'),
	 ('BENEDITO PAULO',TIMESTAMP'1980-01-01 00:00:00','(96)868967079','benedito.paulo@yahoo.com.br','12'),
	 ('HELIO TAMURA',NULL,'(88)947152512','helio.tamura@outlook.com.br','3'),
	 ('POLIANA F',NULL,'(48)984517582','poliana.f@outlook.com.br','11'),
	 ('CLAUDIA MARIA',NULL,'(26)623791581','claudia.maria@terra.com.br','1'),
	 ('ANTONIO L.',NULL,'(51)601474466','antonio.l.@email.com.br','13'),
	 ('LUIZ EDUARDO',TIMESTAMP'2004-01-01 00:00:00','(84)465861025','luiz.eduardo@yahoo.com.br','3'),
	 ('DOMINGOS DE',TIMESTAMP'2016-04-06 00:00:00','(23)799020957','domingos.de@google.com.br','2'),
	 ('ENZO ENZO',NULL,'(90)893682234','enzo.enzo@yahoo.com.br','11'),
	 ('SRGIO NAKAMURA',NULL,'(78)214578161','srgio.nakamura@email.com.br','2'),
	 ('MARCELO SOARES',NULL,'(28)922687716','marcelo.soares@hotmail.com.br','3'),
	 ('RENZO LEONARDI',NULL,'(16)594962199','renzo.leonardi@google.com.br','4'),
	 ('MANOEL BELEM',NULL,'(97)627130552','manoel.belem@yahoo.com.br','2'),
	 ('EMERSON ARANDA',NULL,'(72)537770750','emerson.aranda@outlook.com.br','10'),
	 ('HARUO TENGAN',NULL,'(22)832176069','haruo.tengan@hotmail.com.br','2'),
	 ('ANTONIO CABRAL',NULL,'(66)131760261','antonio.cabral@yahoo.com.br','11'),
	 ('CLAUDIA SUELY',NULL,'(83)168971888','claudia.suely@yahoo.com.br','3'),
	 ('FERNANDA VOGT',NULL,'(20)728106134','fernanda.vogt@yahoo.com.br','5'),
	 ('PIER LUIGI',TIMESTAMP'1933-07-17 00:00:00','(54)306468010','pier.luigi@outlook.com.br','7'),
	 ('CLAUDIO RAIMUNDO',NULL,'(20)583596145','claudio.raimundo@outlook.com.br','11'),
	 ('MARCOS CALABRO',TIMESTAMP'2015-01-01 00:00:00','(98)859749488','marcos.calabro@outlook.com.br','11'),
	 ('TJAKKO SCHULTZ',NULL,'(34)363436519','tjakko.schultz@yahoo.com.br','1'),
	 ('JOSE ROBERTO',TIMESTAMP'2941-04-28 00:00:00','(72)660725889','jose.roberto@yahoo.com.br','6'),
	 ('FRANCISCO DE',TIMESTAMP'2012-05-10 00:00:00','(25)507108703','francisco.de@yahoo.com.br','1'),
	 ('MARCOS ANTONIO',TIMESTAMP'1963-09-23 00:00:00','(98)735292638','marcos.antonio@email.com.br','3'),
	 ('CHARLES WILLIAM',NULL,'(32)992546485','charles.william@terra.com.br','7'),
	 ('NELSON KAMIMOTO',TIMESTAMP'1976-03-15 00:00:00','(82)213719628','nelson.kamimoto@terra.com.br','11'),
	 ('JOSE FRANCISCO',TIMESTAMP'0043-11-22 00:00:00','(13)502656353','jose.francisco@terra.com.br','2'),
	 ('JOSE NESTOR',NULL,'(68)159920139','jose.nestor@yahoo.com.br','12'),
	 ('PAULO WALTER',NULL,'(39)863587881','paulo.walter@hotmail.com.br','7'),
	 ('MEIRE ANTUZA',NULL,'(72)938724873','meire.antuza@terra.com.br','4'),
	 ('VANDERLEI VANDERLEI',TIMESTAMP'1962-03-05 00:00:00','(24)826684489','vanderlei.vanderlei@email.com.br','7'),
	 ('EMILIO BOCCHINI',NULL,'(93)685514414','emilio.bocchini@hotmail.com.br','5'),
	 ('VICTOR LAZARO',NULL,'(57)886861537','victor.lazaro@outlook.com.br','11'),
	 ('WELLINGTON WALLACE',NULL,'(96)983275768','wellington.wallace@terra.com.br','4'),
	 ('AP 71',NULL,'(76)444552577','ap.71@google.com.br','5'),
	 ('GERALDO BUENO',NULL,'(71)906965739','geraldo.bueno@outlook.com.br','7'),
	 ('PEDRO WHITAKER',NULL,'(37)752246586','pedro.whitaker@terra.com.br','9'),
	 ('ROBERTO CINTRA',NULL,'(67)101296638','roberto.cintra@email.com.br','6'),
	 ('ROBERTO CINTRA',NULL,'(81)159376876','roberto.cintra@yahoo.com.br','10'),
	 ('ROBERTO CINTRA',NULL,'(79)422969045','roberto.cintra@google.com.br','8'),
	 ('ROBERTO CINTRA',NULL,'(39)847761932','roberto.cintra@yahoo.com.br','9'),
	 ('MAURO ALVES',TIMESTAMP'0064-06-10 00:00:00','(15)648618008','mauro.alves@outlook.com.br','1'),
	 ('ALEXANDRE SALES',TIMESTAMP'1971-11-23 00:00:00','(31)982711618','alexandre.sales@yahoo.com.br','6'),
	 ('JOAO ALBERTO',NULL,'(83)910062644','joao.alberto@hotmail.com.br','6'),
	 ('ALESSANDRO ALESSANDRI',NULL,'(57)954608916','alessandro.alessandri@outlook.com.br','8'),
	 ('PAULO DE',NULL,'(68)236346655','paulo.de@hotmail.com.br','5'),
	 ('MARCELO EDUARDO',NULL,'(93)337234727','marcelo.eduardo@terra.com.br','10'),
	 ('JULIO CESAR',NULL,'(40)829540209','julio.cesar@yahoo.com.br','1'),
	 ('YOSHIO HADA',NULL,'(29)174142007','yoshio.hada@yahoo.com.br','10'),
	 ('ANTONIO AUGUSTO',NULL,'(55)530232953','antonio.augusto@terra.com.br','7'),
	 ('DENILSON QUIRINO',NULL,'(73)472904270','denilson.quirino@google.com.br','7'),
	 ('ANTONIO CARLOS',NULL,'(90)289744269','antonio.carlos@yahoo.com.br','5'),
	 ('WLADIMIR FREDERICO',NULL,'(12)229619377','wladimir.frederico@outlook.com.br','6'),
	 ('FABIANO ZAGO',NULL,'(55)923207210','fabiano.zago@yahoo.com.br','4'),
	 ('FERNANDA FERNANDA',NULL,'(19)536687207','fernanda.fernanda@email.com.br','6'),
	 ('DANTE POLYCARPO',NULL,'(47)118606487','dante.polycarpo@google.com.br','6'),
	 ('BRAULIO BACCHI',NULL,'(16)867655461','braulio.bacchi@google.com.br','5'),
	 ('MARCIO VARANDAS',TIMESTAMP'1947-11-08 00:00:00','(44)389794230','marcio.varandas@yahoo.com.br','4'),
	 ('ROMEO MADALOZZO',NULL,'(43)331197484','romeo.madalozzo@google.com.br','8'),
	 ('ALESSANDRA TEIXEIRA',NULL,'(42)641982774','alessandra.teixeira@terra.com.br','13'),
	 ('RICARDO ANDRADE',NULL,'(46)893086729','ricardo.andrade@outlook.com.br','12'),
	 ('ANTONIO CARLOS',TIMESTAMP'2010-07-21 00:00:00','(74)748551273','antonio.carlos@outlook.com.br','5'),
	 ('TOMAS H.',NULL,'(60)421276379','tomas.h.@google.com.br','13'),
	 ('DOUGLAS PALMA',NULL,'(54)719725278','douglas.palma@yahoo.com.br','10'),
	 ('SABETAI CALDERONI',NULL,'(34)285886940','sabetai.calderoni@hotmail.com.br','4'),
	 ('CID RODRIGUES',NULL,'(57)848943069','cid.rodrigues@terra.com.br','5'),
	 ('WALTER ROBERTO',TIMESTAMP'1947-11-03 00:00:00','(46)426623667','walter.roberto@yahoo.com.br','12'),
	 ('CARLOS AMRICO',NULL,'(56)586418803','carlos.amrico@outlook.com.br','7'),
	 ('FERNANDA LABATE',NULL,'(43)596846095','fernanda.labate@outlook.com.br','2'),
	 ('MARINA YOSHIE',NULL,'(76)508267491','marina.yoshie@hotmail.com.br','9'),
	 ('JOSE AUGUSTO',NULL,'(29)327468410','jose.augusto@outlook.com.br','12'),
	 ('EDERSON ROCHA',NULL,'(11)964040488','ederson.rocha@google.com.br','9'),
	 ('ALEXANDRE TAVEIRA',NULL,'(51)856468784','alexandre.taveira@hotmail.com.br','12'),
	 ('JAIME FERNANDES',NULL,'(49)305587004','jaime.fernandes@email.com.br','11'),
	 ('ROBERVAL T.B.',NULL,'(32)242963689','roberval.t.b.@hotmail.com.br','4'),
	 ('ORVILE ALVES',NULL,'(33)587347586','orvile.alves@hotmail.com.br','13'),
	 ('OMAR ABDEL',NULL,'(90)428283903','omar.abdel@google.com.br','4'),
	 ('JOSE RAMOS',NULL,'(23)757058162','jose.ramos@email.com.br','7'),
	 ('FBIO DAVIDSON',NULL,'(51)155998828','fbio.davidson@google.com.br','8'),
	 ('MARCELO DELFINI',NULL,'(80)617752457','marcelo.delfini@google.com.br','12'),
	 ('CLAUDIO DE',TIMESTAMP'1930-03-29 00:00:00','(28)834040651','claudio.de@hotmail.com.br','13'),
	 ('PAULO VILLIGER',NULL,'(78)597703705','paulo.villiger@outlook.com.br','8'),
	 ('CARLOS EDUARDO',NULL,'(73)965968380','carlos.eduardo@email.com.br','1'),
	 ('JOS CARLOS',NULL,'(98)606928083','jos.carlos@terra.com.br','2'),
	 ('ELIZABETH W.',NULL,'(65)399663945','elizabeth.w.@google.com.br','2'),
	 ('FORJAS EMPREEND.',NULL,'(71)465195794','forjas.empreend.@google.com.br','12'),
	 ('CHARBEL YOUSSEF',NULL,'(90)990615142','charbel.youssef@email.com.br','3'),
	 ('LUIS CARLOS',NULL,'(81)411295094','luis.carlos@hotmail.com.br','6'),
	 ('SILMARA SILMARA',NULL,'(96)542003190','silmara.silmara@outlook.com.br','1'),
	 ('CHRISTIAN DORNAUS',TIMESTAMP'1958-03-31 00:00:00','(19)208683671','christian.dornaus@terra.com.br','9'),
	 ('CRISTIANE CUSTODIO',TIMESTAMP'1965-08-11 00:00:00','(39)513490663','cristiane.custodio@outlook.com.br','2'),
	 ('IGNACIO ALLUE',NULL,'(36)967780672','ignacio.allue@terra.com.br','1'),
	 ('RICARDO APARECIDO',NULL,'(45)345922167','ricardo.aparecido@hotmail.com.br','7'),
	 ('ELIANA OROSCO',NULL,'(97)207136401','eliana.orosco@hotmail.com.br','2'),
	 ('EDUARDO RODRIGUES',NULL,'(81)285723484','eduardo.rodrigues@outlook.com.br','8'),
	 ('RENATO LIMA',TIMESTAMP'1929-08-24 00:00:00','(90)985093986','renato.lima@google.com.br','9'),
	 ('OSVAIR VILLARES',NULL,'(50)622896292','osvair.villares@google.com.br','2'),
	 ('CARLOS MARTINS',NULL,'(71)198373486','carlos.martins@hotmail.com.br','13'),
	 ('DANILO PEREIRA',NULL,'(80)423257285','danilo.pereira@outlook.com.br','13'),
	 ('ESTRELA ARAGON',NULL,'(43)734110390','estrela.aragon@yahoo.com.br','4'),
	 ('NANCI APARECIDA',NULL,'(34)221257726','nanci.aparecida@hotmail.com.br','11'),
	 ('CARLOS HENRIQUE',TIMESTAMP'1946-05-02 00:00:00','(51)513913318','carlos.henrique@terra.com.br','11'),
	 ('GILSON ANTONIO',NULL,'(72)434078476','gilson.antonio@terra.com.br','13'),
	 ('JOSE FERREIRA',NULL,'(20)642374677','jose.ferreira@outlook.com.br','11'),
	 ('JOSE CARLOS',TIMESTAMP'2010-09-03 00:00:00','(14)347228767','jose.carlos@outlook.com.br','13'),
	 ('JOSE CARLOS',NULL,'(17)401532473','jose.carlos@google.com.br','3'),
	 ('ALTAIR AGUIAR',TIMESTAMP'2016-03-19 00:00:00','(66)987690423','altair.aguiar@email.com.br','5'),
	 ('WANDA MARIA',NULL,'(83)807888507','wanda.maria@email.com.br','1'),
	 ('RENATO SERGIO',NULL,'(41)898016851','renato.sergio@email.com.br','5'),
	 ('AGUINALDO M.',TIMESTAMP'1958-11-26 00:00:00','(50)650650105','aguinaldo.m.@email.com.br','2'),
	 ('EDNA APARECIDA',NULL,'(94)671424883','edna.aparecida@google.com.br','11'),
	 ('TANIA MOTTA',NULL,'(73)139732968','tania.motta@hotmail.com.br','11'),
	 ('WILSON CECERE',NULL,'(66)565394355','wilson.cecere@yahoo.com.br','6'),
	 ('WAGNER DALLA',NULL,'(14)118659707','wagner.dalla@email.com.br','12'),
	 ('CLAUDIO LINS',NULL,'(21)257158726','claudio.lins@google.com.br','4'),
	 ('ALEXANDRE TEIXEIRA',TIMESTAMP'1975-12-09 00:00:00','(32)962053374','alexandre.teixeira@yahoo.com.br','1'),
	 ('DARLEY D.',NULL,'(33)963954143','darley.d.@email.com.br','8'),
	 ('AURELIANO REINALDO',NULL,'(29)793220651','aureliano.reinaldo@yahoo.com.br','13'),
	 ('MARINA SAMPAIO',TIMESTAMP'1958-06-22 00:00:00','(91)378990689','marina.sampaio@hotmail.com.br','11'),
	 ('FREDERICO CEZAR',NULL,'(44)771340719','frederico.cezar@google.com.br','4'),
	 ('MARIA DAS',NULL,'(55)483850011','maria.das@hotmail.com.br','12'),
	 ('FRANCISCO PEDUTI',NULL,'(82)900638229','francisco.peduti@yahoo.com.br','7'),
	 ('JOSE GANDARA',NULL,'(16)543845424','jose.gandara@terra.com.br','9'),
	 ('VALDA SILVA',NULL,'(61)381327506','valda.silva@outlook.com.br','3'),
	 ('EDESIO VARGAS',NULL,'(63)496196857','edesio.vargas@email.com.br','13'),
	 ('PEDRO ROBERTO',NULL,'(82)690150559','pedro.roberto@hotmail.com.br','8'),
	 ('Steffi Kaufman',NULL,'(83)753670316','steffi.kaufman@outlook.com.br','6'),
	 ('ANTONIO VICTOR',NULL,'(78)555306723','antonio.victor@google.com.br','9'),
	 ('MIRIAM PUTINATO',TIMESTAMP'1976-10-26 00:00:00','(63)937267787','miriam.putinato@google.com.br','1'),
	 ('OLAVO SILVA',NULL,'(85)829763111','olavo.silva@terra.com.br','5'),
	 ('GILBERTO TARNOVSCHI',NULL,'(50)108588977','gilberto.tarnovschi@outlook.com.br','11'),
	 ('MARCO ANTONIO',TIMESTAMP'1962-10-27 00:00:00','(18)208328240','marco.antonio@outlook.com.br','7'),
	 ('ADRIANA PICOLE',NULL,'(77)191161797','adriana.picole@hotmail.com.br','3'),
	 ('HAVANNA ENGENHARIA',NULL,'(46)861262242','havanna.engenharia@hotmail.com.br','5'),
	 ('ARTUR ROGERIO',NULL,'(24)121088304','artur.rogerio@outlook.com.br','8'),
	 ('SERGIO RICARDO',TIMESTAMP'1973-08-31 00:00:00','(45)212292140','sergio.ricardo@google.com.br','9'),
	 ('RICARDO. RICARDO.',NULL,'(48)823676530','ricardo..ricardo.@hotmail.com.br','6'),
	 ('MARCIA CARVALHO',NULL,'(21)721043385','marcia.carvalho@terra.com.br','1'),
	 ('JOS LUIZ',NULL,'(50)615768479','jos.luiz@hotmail.com.br','12'),
	 ('GERALDO PEREIRA',NULL,'(79)125335119','geraldo.pereira@google.com.br','8'),
	 ('FERNANDO SATO',NULL,'(83)946708227','fernando.sato@terra.com.br','3'),
	 ('WAGNER RODRIGO',TIMESTAMP'1982-06-30 00:00:00','(41)974187482','wagner.rodrigo@yahoo.com.br','10'),
	 ('DORY EDSON',NULL,'(94)490365910','dory.edson@terra.com.br','4'),
	 ('KAREM KAREM',NULL,'(93)628599543','karem.karem@yahoo.com.br','12'),
	 ('RICHARD MOLINA',NULL,'(82)982753275','richard.molina@outlook.com.br','3'),
	 ('MARCOS TENJI',NULL,'(82)758772834','marcos.tenji@terra.com.br','3'),
	 ('HAMYLTON HAMYLTON',NULL,'(70)480176489','hamylton.hamylton@google.com.br','3'),
	 ('BENITO REINALDO',NULL,'(87)871977597','benito.reinaldo@yahoo.com.br','13'),
	 ('CELSO PEREIRA',NULL,'(95)904925334','celso.pereira@hotmail.com.br','10'),
	 ('LUIZ TADEU',NULL,'(19)137465051','luiz.tadeu@email.com.br','5'),
	 ('GLORIA MARIA',NULL,'(31)434057862','gloria.maria@terra.com.br','1'),
	 ('JOSE ANTONIO',NULL,'(35)559796234','jose.antonio@yahoo.com.br','4'),
	 ('CASSIA REGINA',NULL,'(59)920624567','cassia.regina@google.com.br','8'),
	 ('ELIAS RAMOS',NULL,'(77)640383661','elias.ramos@hotmail.com.br','7'),
	 ('AUREO AUGUSTO',NULL,'(42)732848213','aureo.augusto@email.com.br','3'),
	 ('CAIO CAVALHEIRO',NULL,'(83)876545176','caio.cavalheiro@hotmail.com.br','12'),
	 ('FERNANDO BONAVENTURA',NULL,'(39)432939037','fernando.bonaventura@yahoo.com.br','1'),
	 ('MARLENE HERRERA',NULL,'(66)458168610','marlene.herrera@outlook.com.br','1'),
	 ('ADRIANO DA',NULL,'(41)875154998','adriano.da@outlook.com.br','2'),
	 ('IRIDES IGNES',NULL,'(32)529302655','irides.ignes@email.com.br','3'),
	 ('CONSTANTINOS DIMITRIOS',NULL,'(40)274861402','constantinos.dimitrios@hotmail.com.br','9'),
	 ('ANDREA D.',TIMESTAMP'1974-05-23 00:00:00','(51)716588394','andrea.d.@email.com.br','5'),
	 ('FERNANDO HARDT',NULL,'(63)179502139','fernando.hardt@yahoo.com.br','13'),
	 ('CARLOS ALBERTO',NULL,'(90)235594894','carlos.alberto@outlook.com.br','8'),
	 ('CARLOS ALBERTO',TIMESTAMP'1961-09-25 00:00:00','(76)685182126','carlos.alberto@google.com.br','12'),
	 ('FERNANDO SALINAS',NULL,'(90)260473467','fernando.salinas@outlook.com.br','12'),
	 ('SILVIA SILVIA',NULL,'(79)431925208','silvia.silvia@hotmail.com.br','1'),
	 ('JOSE MUNIR',TIMESTAMP'1942-02-13 00:00:00','(17)316570701','jose.munir@hotmail.com.br','10'),
	 ('JOAO TAVARES',NULL,'(89)199282297','joao.tavares@yahoo.com.br','4'),
	 ('SARA MAGDALENA',NULL,'(59)294996345','sara.magdalena@outlook.com.br','13'),
	 ('JOAO TAVARES',NULL,'(51)966830733','joao.tavares@yahoo.com.br','7'),
	 ('JOAO TAVARES',NULL,'(59)594004019','joao.tavares@terra.com.br','2'),
	 ('JOAO TAVARES',NULL,'(56)420465397','joao.tavares@yahoo.com.br','2'),
	 ('JOAO TAVARES',NULL,'(68)800384020','joao.tavares@google.com.br','2'),
	 ('JOAO TAVARES',NULL,'(60)494685491','joao.tavares@terra.com.br','7'),
	 ('JOAO TAVARES',NULL,'(92)291329259','joao.tavares@google.com.br','7'),
	 ('EDUARDO CAMPAGNOLI',TIMESTAMP'1975-09-20 00:00:00','(28)849551901','eduardo.campagnoli@outlook.com.br','6'),
	 ('GABRIEL HENRIQUE',TIMESTAMP'1995-03-08 00:00:00','(43)586455806','gabriel.henrique@email.com.br','3'),
	 ('ODILA RIBEIRO',NULL,'(64)142860330','odila.ribeiro@email.com.br','6'),
	 ('ARTHUR MOTTA',NULL,'(74)939000934','arthur.motta@yahoo.com.br','4'),
	 ('ROBERTO SAMPAIO',NULL,'(74)701587064','roberto.sampaio@google.com.br','10');
   

INSERT INTO condo.tpunidade (Id, Nmtpunidade) VALUES
	(1, 'Conjunto'),
	(2, 'Apartamento');
	
INSERT INTO condo.UnidadeHabitacional (moradorid, NMBloco, NrBloco, CondominioID, tpunidadeid)
SELECT 
    m.Id AS moradorid,
    CONCAT('BLOCO', LPAD(((ROW_NUMBER() OVER (ORDER BY m.Id) - 1) % 5) + 1, 2, '0')) AS NMBloco, 
    ((ROW_NUMBER() OVER (ORDER BY m.Id) - 1) % 5) + 1 AS NrBloco, 
    c.Id AS CondominioID,
    2 AS tpunidadeid -- tipomoradorid fixo como 2
FROM 
    condo.morador m
JOIN 
    condo.condominio c ON c.Id = (m.Id % (SELECT COUNT(*) FROM condo.condominio) + 1) -- Distribui cada morador em um nico condomnio
ORDER BY 
    c.Id, m.Id;
	
INSERT INTO condo.TipoOuvidoria (Id, Descricao)
VALUES (1, 'Dvida'),
       (2, 'Reclamao'),
       (3, 'Solicitao');
	   
INSERT INTO condo.Ouvidoria (TipoOuvidoriaID, Descricao, DataRegistro, UnidadeHabitacionalid)
VALUES
(2, 'Problema com a iluminao da rea comum.', '2024-03-10', 1000309),
(2, 'Elevador sempre com defeito e fora de servio.', '2024-03-10', 1000010),
(2, 'Falta de manuteno nos jardins do condomnio.', '2024-03-10', 1000011),
(2, 'Vizinhos com barulho excessivo durante a madrugada.', '2024-03-10', 1000012),
(2, 'gua quente da torneira no est funcionando.', '2024-03-10', 1000013),
(2, 'Aquecimento central da piscina est desligado.', '2024-03-10', 1000014),
(2, 'Falta de limpeza nas reas comuns.', '2024-03-10', 1000015),
(2, 'Bicicletrio est desorganizado e sem manuteno.', '2024-03-10', 1000016),
(2, 'Problema com o sistema de segurana do condomnio.', '2024-03-10', 1000317),
(2, 'Porto eletrnico no est funcionando corretamente.', '2024-03-10', 1000318),
(2, 'Falta de sinalizao adequada nos corredores.', '2024-03-10', 1000319),
(2, 'Problema com o sistema de cmeras de segurana.', '2024-03-10', 1000320),
(2, 'Mau cheiro no hall do prdio.', '2024-03-10', 1000321),
(2, 'gua da piscina est suja e mal cheirosa.', '2024-03-10', 1000022),
(2, 'Aquecimento das reas comuns no est funcionando.', '2024-03-10', 1000023),
(2, 'Falta de limpeza nas caixas de correio.', '2024-03-10', 1000024),
(2, 'Insegurana nas entradas do condomnio.', '2024-03-10', 1000025),
(2, 'gua vazando do teto em uma unidade.', '2024-03-10', 1000026),
(2, 'Falta de vigilncia durante a noite.', '2024-03-10', 1000027),
(2, 'Problema com o sistema de fechaduras eletrnicas.', '2024-03-10', 1000028),
(2, 'Elevadores com demora excessiva para chegar aos andares.', '2024-03-10', 1000029),
(2, 'gua quente do chuveiro no est funcionando.', '2024-03-10', 1000030),
(2, 'Falta de Wi-Fi nas reas comuns do prdio.', '2024-03-10', 1000031),
(2, 'Piso do hall do prdio quebrado e perigoso.', '2024-03-10', 1000032),
(2, 'Falta de ventilao nas escadas de emergncia.', '2024-03-10', 1000033),
(2, 'Sistema de interfone no est funcionando corretamente.', '2024-03-10', 1000034),
(2, 'Portaria no atende as solicitaes com agilidade.', '2024-03-10', 1000035),
(2, 'Escadas de emergncia com iluminao insuficiente.', '2024-03-10', 1000036),
(2, 'Ar condicionado nas reas comuns no est funcionando.', '2024-03-10', 1000037),
(2, 'Falta de atualizao no quadro de avisos.', '2024-03-10', 1000038),
(2, 'Problema com o sistema de alarme contra incndio.', '2024-03-10', 1000039),
(2, 'Elevador quebrado h mais de uma semana.', '2024-03-10', 1000040),
(2, 'Rudos constantes vindo da rea de lazer.', '2024-03-10', 1000041),
(2, 'Mau cheiro nos banheiros das reas comuns.', '2024-03-10', 1000042),
(2, 'Portes de acesso do condomnio no fecham corretamente.', '2024-03-10', 1000043),
(2, 'Elevador com cheiro de mofo.', '2024-03-10', 1000044),
(2, 'Falta de sinalizao de emergncia nas sadas do prdio.', '2024-03-10', 1000045),
(2, 'Problema com a iluminao do estacionamento.', '2024-03-10', 1000046),
(2, 'Falta de limpeza nas caladas ao redor do condomnio.', '2024-03-10', 1000047),
(2, 'rea de lazer com mveis quebrados.', '2024-03-10', 1000048),
(2, 'Sistema de monitoramento sem imagem clara nas cmeras.', '2024-03-10', 1000049),
(2, 'gua da torneira com cor estranha e imprpria para consumo.', '2024-03-10', 1000050),
(2, 'O corredor de acesso aos apartamentos est sujo e com lixo acumulado.', '2024-03-10', 1000051),
(2, 'Barulho constante de obras nas reas comuns.', '2024-03-10', 1000052),
(2, 'Falta de manuteno no sistema de gua quente da piscina.', '2024-03-10', 1000053),
(2, 'Desorganizao no local de recebimento de encomendas.', '2024-03-10', 1000054),
(2, 'Problema com o fornecimento de gs nas unidades.', '2024-03-10', 1000055),
(2, 'Falta de segurana nas reas de entrada do prdio.', '2024-03-10', 1000056),
(2, 'Cmeras de segurana sem cobertura em algumas reas do prdio.', '2024-03-10', 1000357),
(2, 'Sistema de controle de acesso falhando constantemente.', '2024-03-10', 1000458),
(2, 'Falta de atendimento rpido para reclamaes feitas  portaria.', '2024-03-10', 1000459),
(2, 'Sistema de esgoto da unidade entupido.', '2024-03-10', 1000460),
(1, 'Gostaria de saber qual o horrio de funcionamento da academia.', '2024-03-10', 1000409),
(1, 'Quais so as regras para a utilizao da churrasqueira?', '2024-03-10', 1000410),
(1, 'H alguma taxa adicional para utilizao da piscina?', '2024-03-10', 1000011),
(1, 'Como fao para reservar o salo de festas?', '2024-03-10', 1000012),
(1, 'Qual  o procedimento para receber correspondncias no condomnio?', '2024-03-10', 1000013),
(1, 'Gostaria de saber como funciona o sistema de cmeras de segurana.', '2024-03-10', 1000014),
(1, 'Quais os critrios para solicitar manuteno na rea comum?', '2024-03-10', 1000515),
(1, 'Qual  o horrio de funcionamento da portaria?', '2024-03-10', 1000616),
(1, 'O que fazer em caso de perda da chave do porto de acesso?', '2024-03-10', 1000617),
(1, 'Quais so as regras para o uso do bicicletrio?', '2024-03-10', 1000618),
(1, 'O que devo fazer se eu notar um vazamento em minha unidade?', '2024-03-10', 1000619),
(1, 'Gostaria de saber o que  permitido em relao a reformas nas unidades.', '2024-03-10', 1000620),
(1, 'Quais so os horrios de silncio no condomnio?', '2024-03-10', 1000721),
(1, 'H alguma restrio para receber visitas no condomnio?', '2024-03-10', 1000722),
(1, 'Como posso solicitar o desligamento do servio de gs?', '2024-03-10', 1000723),
(1, 'Qual  o procedimento para fazer uma reserva de vaga de garagem?', '2024-03-10', 1000724),
(1, 'Quais os documentos necessrios para o cadastro de um novo morador?', '2024-03-10', 1000725),
(1, 'Como posso reportar uma situao de insegurana no condomnio?', '2024-03-10', 1000826),
(1, 'Qual o horrio de funcionamento da limpeza das reas comuns?', '2024-03-10', 1000227),
(1, 'Gostaria de saber se o condomnio oferece Wi-Fi nas reas comuns.', '2024-03-10', 1000328),
(1, 'Como posso solicitar uma segunda chave do porto?', '2024-03-10', 1000329),
(1, 'Qual  o processo para pagamento da taxa de condomnio?', '2024-03-10', 1000330),
(1, 'Qual  o procedimento caso eu perceba um problema no sistema eltrico do meu apartamento?', '2024-03-10', 1000031),
(1, 'Como posso consultar o saldo devedor do meu condomnio?', '2024-03-10', 1000032),
(1, 'O que fao caso a fechadura da minha unidade apresente defeito?', '2024-03-10', 1000033),
(1, 'Qual  a previso para manuteno do elevador?', '2024-03-10', 1000034),
(1, 'Como posso realizar uma sugesto para melhorias no condomnio?', '2024-03-10', 1000035),
(1, 'Quais so as regras para descarte de lixo reciclvel?', '2024-03-10', 1000036),
(1, 'Como posso ser notificado sobre as reunies do condomnio?', '2024-03-10', 1000037),
(1, 'Como funciona o processo de solicitao de reparo nas reas comuns?', '2024-03-10', 1000038),
(1, 'Quais so os critrios para a utilizao da sala de jogos?', '2024-03-10', 1000039),
(1, 'Como fao para atualizar meus dados cadastrais no condomnio?', '2024-03-10', 1000040),
(1, 'Qual  o procedimento para solicitar mudana de unidade?', '2024-03-10', 1000041),
(1, 'Como posso saber se h vagas disponveis no estacionamento?', '2024-03-10', 1000042),
(1, 'O que fazer caso eu perca minha chave da garagem?', '2024-03-10', 1000043),
(1, 'Quais so as opes de pagamento para a taxa de condomnio?', '2024-03-10', 1000044),
(1, 'Como funciona o processo para solicitar o uso da quadra esportiva?', '2024-03-10', 1000045),
(1, 'H algum procedimento para a mudana de morador nas unidades?', '2024-03-10', 1000046),
(1, 'Como posso reservar o estacionamento para visitas?', '2024-03-10', 1000047),
(1, 'Qual o procedimento para alterar o horrio de funcionamento das reas comuns?', '2024-03-10', 1000048),
(1, 'Quais so as regras para o uso da churrasqueira?', '2024-03-10', 1000049),
(1, 'Onde posso encontrar o regulamento interno do condomnio?', '2024-03-10', 1000450),
(1, 'Onde posso encontrar o regulamento interno do condomnio?', '2024-03-10', 50),
(3, 'Solicito reparo na torneira da minha unidade que est vazando.', '2024-03-10', 1000089),
(3, 'Gostaria de solicitar limpeza na rea da piscina, que est suja.', '2024-03-10', 1000010),
(3, 'Solicito a instalao de uma tomada extra na sala da minha unidade.', '2024-03-10', 1000011),
(3, 'Solicito a instalao de um interfone na minha unidade.', '2024-03-10', 1000012),
(3, 'Gostaria de solicitar que o elevador fosse limpo e descontaminado.', '2024-03-10', 1000013),
(3, 'Solicito manuteno na iluminao da garagem, est muito fraca.', '2024-03-10', 1000014),
(3, 'Gostaria de solicitar o reparo no sistema de ar-condicionado da minha unidade.', '2024-03-10', 1000015),
(3, 'Solicito a troca da lmpada no corredor prximo  minha unidade.', '2024-03-10', 1000016),
(3, 'Gostaria de solicitar a limpeza do hall do prdio, pois est muito sujo.', '2024-03-10', 1000017),
(3, 'Solicito a instalao de uma barra de apoio no banheiro da minha unidade.', '2024-03-10', 1000018),
(3, 'Gostaria de solicitar que a piscina fosse aquecida durante o inverno.', '2024-03-10', 1000019),
(3, 'Solicito a troca do tapete no salo de festas, que est muito sujo.', '2024-03-10', 1000020),
(3, 'Solicito que o porto de acesso  garagem seja reparado, est travando.', '2024-03-10', 1000021),
(3, 'Gostaria de solicitar um novo cdigo de acesso ao prdio, pois perdi o anterior.', '2024-03-10', 1000022),
(3, 'Solicito reparo no sistema de alarme do condomnio, ele est disparando sem motivo.', '2024-03-10', 1000023),
(3, 'Gostaria de solicitar a troca da fechadura do meu apartamento, est quebrada.', '2024-03-10', 1000224),
(3, 'Solicito a instalao de cmeras de segurana na entrada do bloco.', '2024-03-10', 1000345),
(3, 'Gostaria de solicitar a mudana de horrio de funcionamento da academia.', '2024-03-10', 1000426),
(3, 'Solicito a remoo do lixo acumulado no jardim prximo ao bloco.', '2024-03-10', 1000427),
(3, 'Gostaria de solicitar a reviso do sistema de gs da minha unidade.', '2024-03-10', 1000528),
(3, 'Solicito a manuteno do sistema de gua quente nas reas comuns.', '2024-03-10', 1000629),
(3, 'Solicito a instalao de mais bancos nas reas externas do condomnio.', '2024-03-10', 1000630),
(3, 'Gostaria de solicitar a troca da chave de acesso  garagem.', '2024-03-10', 1000731),
(3, 'Solicito a instalao de um parqumetro na vaga de estacionamento.', '2024-03-10', 1000832),
(3, 'Gostaria de solicitar que a academia fosse aberta aos sbados  tarde.', '2024-03-10', 1000933),
(3, 'Solicito a instalao de ventiladores na rea do salo de festas.', '2024-03-10', 1000834),
(3, 'Gostaria de solicitar a instalao de uma rampa de acesso para cadeirantes.', '2024-03-10', 1000435),
(3, 'Solicito que a rea do bicicletrio seja ampliada, est muito cheia.', '2024-03-10', 1000536),
(3, 'Gostaria de solicitar a troca da piscina para um modelo aquecvel.', '2024-03-10', 1000837),
(3, 'Solicito o reparo do sistema de esgoto que est com problemas de vazamento.', '2024-03-10', 1000438),
(3, 'Gostaria de solicitar que o porto da entrada principal fosse reparado.', '2024-03-10', 1000329),
(3, 'Solicito a instalao de mais vagas para visitantes no estacionamento.', '2024-03-10', 1000402),
(3, 'Gostaria de solicitar a instalao de um parquinho para crianas.', '2024-03-10', 1000461),
(3, 'Solicito a instalao de uma rede de proteo no andar da minha unidade.', '2024-03-10', 1000424),
(3, 'Gostaria de solicitar o aumento da frequncia de limpeza nas escadas do prdio.', '2024-03-10', 1000432),
(3, 'Solicito que o sistema de controle de acesso seja revisado, est com falhas.', '2024-03-10', 1000434),
(3, 'Gostaria de solicitar a instalao de um bebedouro na rea do jardim.', '2024-03-10', 1000465),
(3, 'Solicito que o salo de festas seja pintado, est com as paredes descascadas.', '2024-03-10', 1000466),
(3, 'Gostaria de solicitar uma reunio com o sndico para discutir o aumento da taxa de condomnio.', '2024-03-10', 1000437),
(3, 'Solicito a troca do tapete no corredor, est muito sujo.', '2024-03-10', 1000485),
(3, 'Gostaria de solicitar o reparo nas portas dos banheiros das reas comuns.', '2024-03-10', 1001000),
(3, 'Solicito a instalao de um sistema de climatizao nas reas comuns.', '2024-03-10', 1001004);
	   
INSERT INTO TipoReserva (ID, Descricao) VALUES
		(1, 'Quadra'),
		(2, 'Piscina'),
		(3, 'Salo de festas'),
		(4, 'Churrasqueira'),
		(5, 'Salo de Jogos'),
		(6, 'Espao Gourmet/Cozinha Comunitria'),
		(7, 'Auditrio/Sala de Reunies'),
		(8, 'Espao Kids/Playground'),
		(9, 'Jardins/reas ao Ar Livre'),
		(10, 'Academia/rea de Exerccios'),
		(11, 'Lavanderia Comum'),
		(12, 'Cinema Comunitrio'),
		(13, 'Sala de Estar/rea de Convivncia'),
		(14, 'Bicicletrio'),
		(15, 'Estacionamento de Visitantes'),
		(16, 'Espao para Eventos Corporativos'),
		(17, 'Sala de Leitura'),
		(18, 'Horta Comunitria'),
		(19, 'Campo de Futebol'),
		(20, 'rea de Lazer para Animais');
		
		
--status 0 = cancelada, 1 = confirmada, 2 = concluda
INSERT INTO condo.Reserva (TipoReservaID, Status, Data, MoradorID)
VALUES (1, 1, '2024-03-12', 18),
		(2, 1, '2024-03-13', 28),
		(3, 1, '2024-03-14', 38),
		(7, 1, '2024-03-15', 42),
		(10, 1, '2024-03-16', 553),
		(4, 1, '2024-03-17', 622),
		(5, 1, '2024-03-18', 72),
		(6, 1, '2024-03-19', 83),
		(8, 1, '2024-03-20', 944),
		(9, 1, '2024-03-21', 102),
		(11, 1, '2024-03-22', 116),
		(12, 1, '2024-03-23', 12),
		(13, 1, '2024-03-24', 13),
		(14, 1, '2024-03-25', 14),
		(15, 1, '2024-03-26', 15),
		(16, 1, '2024-03-27', 16),
		(17, 1, '2024-03-28', 17),
		(18, 1, '2024-03-29', 18),
		(19, 1, '2024-03-30', 19),
		(20, 1, '2024-03-31', 20),
		(1, 1, '2024-04-01', 18),
		(2, 1, '2024-04-02', 24),
		(3, 1, '2024-04-03', 37),
		(4, 1, '2024-04-04', 45),
		(5, 1, '2024-04-05', 51),
		(6, 1, '2024-04-06', 62),
		(7, 1, '2024-04-07', 73),
		(8, 1, '2024-04-08', 84),
		(9, 1, '2024-04-09', 95),
		(10, 1, '2024-04-10', 10),
		(11, 1, '2024-04-11', 11),
		(12, 1, '2024-04-12', 12),
		(13, 1, '2024-04-13', 13),
		(14, 1, '2024-04-14', 14),
		(15, 1, '2024-04-15', 15),
		(16, 1, '2024-04-16', 16),
		(17, 1, '2024-04-17', 17),
		(18, 1, '2024-04-18', 18),
		(19, 1, '2024-04-19', 19),
		(20, 1, '2024-04-20', 20),
		(1, 0, '2024-04-21', 17),
		(2, 0, '2024-04-22', 21),
		(3, 0, '2024-04-23', 32),
		(4, 0, '2024-04-24', 43),
		(5, 0, '2024-04-25', 55),
		(6, 0, '2024-04-26', 46),
		(7, 0, '2024-04-27', 73),
		(8, 0, '2024-04-28', 82),
		(9, 0, '2024-04-29', 91),
		(10, 0, '2024-04-30', 10),
		(11, 0, '2024-05-01', 11),
		(12, 0, '2024-05-02', 12),
		(13, 0, '2024-05-03', 13),
		(14, 0, '2024-05-04', 14),
		(15, 0, '2024-05-05', 15),
		(16, 0, '2024-05-06', 16),
		(17, 0, '2024-05-07', 17),
		(18, 0, '2024-05-08', 18),
		(19, 0, '2024-05-09', 19),
		(20, 0, '2024-05-10', 20),
		(1, 1, '2024-05-11', 12);
		
INSERT INTO condo.Aviso (Titulo, Conteudo, DataPublicacao)
VALUES ('Aviso Importante', 'Assembleia Geral dia 20/03/2024 s 19h no salo de festas.', '2024-03-05'),
       ('Comunicado', 'Manuteno programada para o sistema de elevadores.', '2024-03-04'),
       ('Recado', 'Favor recolher o lixo apenas nos dias indicados.', '2024-03-03'),
       ('Aviso', 'Nova poltica de segurana em vigor a partir de hoje.', '2024-03-02'),
       ('Informao', 'Suspenso temporria do servio de gua.', '2024-03-01'),
       ('Reforma', 'A quadra estar em manuteno do dia 15 ao dia 20/03/2024.', '2024-03-06'),
       ('Lembrete', 'Reunio do conselho dia 22/03/2024 s 20h na sala de reunies.', '2024-03-07'),
       ('Evento', 'Festa junina do condomnio no dia 25/06/2024, participe!', '2024-03-08'),
       ('Alerta', 'Fiquem atentos  identificao de prestadores de servio.', '2024-03-09'),
       ('Campanha', 'Coleta de reciclveis toda quarta-feira.', '2024-03-10'),
       ('Comunicado', 'A piscina estar fechada para limpeza no dia 12/03/2024.', '2024-03-11'),
       ('Nota', 'Entrega de correspondncias agora ocorre no bloco A.', '2024-03-12'),
       ('Aviso Geral', 'Proibido estacionar na rea de visitantes sem permisso.', '2024-03-13'),
       ('Informativo', 'Curso de primeiros socorros ser realizado no dia 30/03/2024.', '2024-03-14'),
       ('Anncio', 'A academia ganhou novos equipamentos! Aproveite.', '2024-03-15'),
       ('Comunicado', 'Reduo da tarifa de energia para reas comuns.', '2024-03-16'),
       ('Lembrete', 'Horrio de silncio das 22h s 7h deve ser respeitado.', '2024-03-17'),
       ('Alerta', 'Vistoria de extintores agendada para o dia 18/03/2024.', '2024-03-18'),
       ('Evento', 'Cinema ao ar livre dia 01/04/2024 s 19h nos jardins.', '2024-03-19'),
       ('Informao', 'Nova administradora ser apresentada em reunio.', '2024-03-20'),
	   ('Manuteno Programada', 'Manuteno eltrica no condomnio dia 10/03/2024 das 08h s 12h.', '2024-03-06'),
		('Manuteno Programada', 'Manuteno eltrica no condomnio dia 10/03/2024 das 08h s 12h.', '2024-03-06'),
		('Fechamento da Piscina', 'A piscina estar fechada para limpeza no dia 12/03/2024.', '2024-03-07'),
		('Nova Regra de Estacionamento', 'A partir de 15/03/2024, cada apartamento poder ter no mximo 2 veculos cadastrados.', '2024-03-08'),
		('Reunio do Conselho', 'Prxima reunio do conselho ser no dia 18/03/2024 s 20h na sala de reunies.', '2024-03-09'),
		('Feira Orgnica', 'Haver uma feira de produtos orgnicos no condomnio no dia 22/03/2024.', '2024-03-10'),
		('Pintura das reas Comuns', 'A pintura das reas comuns iniciar no dia 25/03/2024. Pedimos compreenso dos moradores.', '2024-03-11'),
		('Troca de Extintores', 'Sero trocados os extintores de incndio no dia 27/03/2024.', '2024-03-12'),
		('Horrio de Silncio', 'Lembramos que o horrio de silncio  das 22h s 07h.', '2024-03-13'),
		('Uso do Salo de Festas', 'Reservas para o salo de festas devem ser feitas com pelo menos 5 dias de antecedncia.', '2024-03-14'),
		('Vistoria nos Apartamentos', 'Vistorias tcnicas sero realizadas entre os dias 01/04/2024 e 05/04/2024.', '2024-03-15'),
		('Segurana Reforada', 'Novas cmeras de segurana foram instaladas na garagem.', '2024-03-16'),
		('Chaves do Porto', 'Moradores devem atualizar suas chaves eletrnicas at 30/03/2024.', '2024-03-17'),
		('Economia de gua', 'Pedimos que todos contribuam para a economia de gua, evitando desperdcios.', '2024-03-18'),
		('Limpeza da Caixa Dgua', 'A limpeza da caixa dgua ocorrer no dia 05/04/2024. Poder haver falta dgua.', '2024-03-19'),
		('Campanha do Agasalho', 'Doe roupas e cobertores na portaria at 15/04/2024.', '2024-03-20'),
		('Nova Administradora', 'A partir de 01/05/2024, a administrao do condomnio ser feita pela empresa XYZ.', '2024-03-21'),
		('Aulas de Yoga', 'Teremos aulas de yoga gratuitas toda quarta-feira s 19h.', '2024-03-22'),
		('Instalao de Placas Solares', 'O condomnio iniciar a instalao de placas solares em junho.', '2024-03-23'),
		('Coleta Seletiva', 'A coleta seletiva ser implementada a partir de 10/04/2024.', '2024-03-24'),
		('Reforma da Academia', 'A academia estar fechada para reformas de 15/04/2024 a 30/04/2024.', '2024-03-25');	 
		
INSERT INTO condo.condominioaviso (condominioid, avisoid)
SELECT 
    c.idcondo, 
    a.idaviso
FROM 
    condo.condominio c
CROSS JOIN 
    condo.aviso a;